40,0,0,354.35,122.76,-0.87,22.22,2.89,1.03,1
40,0,0,353.39,121.4,-2.77,21.7,2.91,1.03,-1
40,0,0,351.29,122.05,-1.43,21.34,2.88,1.02,1
40,0,0,356.45,124.76,0.91,20.38,2.86,1.03,-1
40,0,0,348.5,122.86,-2.08,20.54,2.84,1.03,0
40,0,-5,354.9,131,-41.87,20.5,2.71,1.03,-13
40,0,-5,357.99,132.19,-44.01,20.11,2.71,1.03,-15
40,0,-5,353.08,132,-41.81,21,2.67,0.99,-10
40,0,-5,359.03,131,-37.71,21.5,2.74,1.02,-10
40,0,-5,357.23,135.8,-41.02,20.27,2.63,1.02,-13
40,0,5,350.82,140.71,58.47,29.12,2.49,1.03,21
40,0,5,353.58,142.13,58.57,29.47,2.49,1.02,21
40,0,5,351.67,139.44,57.24,30.72,2.52,1.05,18
40,0,5,345.95,140.17,59.03,29.78,2.47,0.99,20
40,0,5,354.33,140.26,58.06,30.26,2.53,1,20
40,5,0,352.14,125.5,-47.49,26.16,2.81,1.08,-6
40,5,0,355.91,125.52,-47.29,25.77,2.84,1.05,-4
40,5,0,353.37,123.41,-48.1,27.71,2.86,1.03,-1
40,5,0,355.81,123.47,-47.59,27.74,2.88,1.06,-4
40,5,0,355.67,127.08,-46.84,26.4,2.8,1.06,-5
40,5,-5,351.33,132.98,-76.61,25.68,2.64,1.15,-21
40,5,-5,345.59,131,-77.34,27.5,2.64,1.08,-17
40,5,-5,347.65,135.23,-79.11,27.38,2.57,1.11,-22
40,5,-5,346.45,132.78,-78.32,28.39,2.61,1.06,-16
40,5,-5,345.6,134.41,-78.56,26.8,2.57,1.1,-20
40,5,5,352.45,139.64,5.8,29.04,2.52,1.05,16
40,5,5,353.17,137.8,5.91,28.68,2.56,1.04,15
40,5,5,351.49,138.01,9.11,31,2.55,1.12,12
40,5,5,351.48,142.69,10.06,33.34,2.46,1.14,13
40,5,5,348.52,138.32,7.78,28.79,2.52,1.04,15
40,5,10,355.63,148.48,47.38,33.24,2.4,1.1,23
40,5,10,351.4,150.23,45.3,31.44,2.34,1.06,27
40,5,10,349.33,149.83,48.24,31.49,2.33,1.07,25
40,5,10,348.46,150.28,46.77,31.35,2.32,1.09,25
40,5,10,350.63,151.09,48,32.05,2.32,1.09,25
40,10,5,346.54,137.97,-45.44,32.93,2.51,1.09,12
40,10,5,348.14,139.77,-48.07,32.87,2.49,1.09,13
40,10,5,346.58,137.85,-47.29,32.78,2.51,1.09,12
40,10,5,346.47,137.14,-47.23,32.56,2.53,1.09,10
40,10,5,343.93,138.52,-46.97,32.52,2.48,1.07,13
40,10,10,345.77,156.62,2.37,33.69,2.21,1.15,26
40,10,10,341.73,153.27,4.13,33.09,2.23,1.12,25
40,10,10,342.28,154.88,4.86,33.31,2.21,1.09,28
40,10,10,337.06,154.18,7.47,33.4,2.19,1.09,27
40,10,10,341.11,156.43,5.71,34,2.18,1.15,25
40,10,15,337.79,169.1,57.11,36.39,2,1.11,40
40,10,15,341.88,169.34,54.06,36.18,2.02,1.11,43
40,10,15,349.17,171.4,55.77,37.87,2.04,1.12,42
40,10,15,342.17,169.03,54.92,36.45,2.02,1.13,41
40,10,15,342.76,169.4,54.62,36.17,2.02,1.1,43
40,15,5,327.7,138.38,-83.85,23.37,2.37,1.14,12
40,15,5,329.73,138.24,-82.29,23.92,2.39,1.16,10
40,15,5,327.7,138.28,-83.85,23.51,2.37,1.14,12
40,15,5,330.68,139,-82.26,23.78,2.38,1.17,10
40,15,5,328.41,137.95,-84.2,23.74,2.38,1.15,12
40,15,10,323.49,148.9,-46.75,22.17,2.17,1.15,22
40,15,10,322.99,147.99,-45.5,22.13,2.18,1.17,21
40,15,10,321.89,149.4,-44.95,22.67,2.15,1.16,22
40,15,10,321.89,147.85,-45.94,21.94,2.18,1.17,21
40,15,10,317.96,148.42,-43.98,22.45,2.14,1.15,21
40,15,15,318.9,161.85,5.55,22.74,1.97,1.16,36
40,15,15,321.4,163.63,4.3,22.29,1.96,1.17,36
40,15,15,319.05,162.61,4.48,22.24,1.96,1.16,37
40,15,15,320.42,163.68,5.79,22.63,1.96,1.17,36
40,15,15,319.08,163.52,5.46,22.2,1.95,1.17,36
40,15,20,317.18,175.32,51.41,26.13,1.81,1.2,47
40,15,20,318.18,176.03,51.91,26.48,1.81,1.2,48
40,15,20,316.66,175.06,51.67,26.28,1.81,1.17,49
40,15,20,318.65,175.12,51.68,26.68,1.82,1.22,46
40,15,20,317.2,175.8,51.4,26.3,1.8,1.18,49
40,20,10,307.97,148.24,-75.98,18.12,2.08,1.21,21
40,20,10,312.05,150.1,-75.73,18.19,2.08,1.23,20
40,20,10,311.02,149.92,-75.21,18.28,2.07,1.23,20
40,20,10,309.66,148.68,-76.83,17.58,2.08,1.21,21
40,20,10,307.96,149.13,-75.98,17.56,2.07,1.2,22
40,20,15,301.39,162.3,-21.7,17.15,1.86,1.23,34
40,20,15,303.52,162.83,-21.76,17.42,1.86,1.24,33
40,20,15,303.55,162.28,-21.78,17.14,1.87,1.22,34
40,20,15,303.88,162.53,-21.94,17.02,1.87,1.23,34
40,20,15,303.55,163.55,-22.77,17.77,1.86,1.25,33
40,20,20,301.39,174.47,22.3,18.7,1.73,1.23,46
40,20,20,297.9,172.83,23.05,19.41,1.72,1.25,44
40,20,20,301.3,174.67,22.35,18.84,1.73,1.24,46
40,20,20,298.7,172.61,23.65,19.31,1.73,1.25,45
40,20,20,298.7,173.23,23.65,19.61,1.72,1.26,44
40,20,25,299.19,186.15,73.4,25.08,1.61,1.31,55
40,20,25,299.25,187.54,74.37,24.77,1.6,1.29,57
40,20,25,299.88,188.72,73.06,23.82,1.59,1.26,59
40,20,25,298.4,186.48,72.8,23.5,1.6,1.27,58
40,20,25,300.37,189.01,72.81,24.02,1.59,1.28,57
40,-5,0,351.31,117.66,32.43,28.37,2.99,1,1
40,-5,0,355.07,119.44,31.69,28.28,2.97,1,-1
40,-5,0,352.59,118.21,34.3,28.89,2.98,1.01,1
40,-5,0,355.07,118.6,32.09,28.7,2.99,0.99,1
40,-5,0,348.75,118.58,27.89,29.29,2.94,1.03,-2
40,-5,-5,353.68,135.22,-26.5,27.61,2.62,0.97,-16
40,-5,-5,353.28,134.47,-24.55,27.24,2.63,0.98,-16
40,-5,-5,353.41,135.38,-26.63,27.69,2.61,0.97,-16
40,-5,-5,356.46,136.15,-25.65,28.07,2.62,1,-20
40,-5,-5,355.44,137.44,-26.6,26.5,2.59,1,-19
40,-5,-10,357.83,149.04,-68.32,30.52,2.4,0.95,-29
40,-5,-10,358.43,151.92,-69.44,29.46,2.36,0.98,-32
40,-5,-10,355.66,147.27,-65.75,29.63,2.42,0.99,-29
40,-5,-10,350.47,148.66,-70.84,30.33,2.36,0.96,-28
40,-5,-10,358.17,150.03,-64.63,28.31,2.39,1.03,-32
40,-10,-5,350.27,131.03,45.14,26.52,2.67,0.94,-9
40,-10,-5,351.28,133.3,46.64,24.67,2.64,0.98,-14
40,-10,-5,341.45,130.97,41.73,26.49,2.61,0.96,-9
40,-10,-5,340.28,131.4,41.14,25.28,2.59,0.98,-11
40,-10,-5,355.48,132.85,44.46,26.42,2.68,0.96,-10
40,-10,-10,343.93,147.46,-7.15,25.73,2.33,0.93,-24
40,-10,-10,339.68,146.5,-6.16,25.25,2.32,0.96,-26
40,-10,-10,349.39,147.74,-1.31,23.72,2.36,0.98,-28
40,-10,-10,347.1,147.58,-2.45,23.41,2.35,0.98,-29
40,-10,-10,339.62,145.27,-6.19,24.64,2.34,0.94,-23
40,-10,-15,340.73,163.1,-56.64,25.41,2.09,0.96,-42
40,-10,-15,341.09,160.96,-56.46,26.48,2.12,0.94,-39
40,-10,-15,341.14,160.53,-56.43,26.26,2.13,0.93,-37
40,-10,-15,349.18,163.15,-52.41,25.04,2.14,0.98,-43
40,-10,-15,343.57,164.42,-55.22,25.36,2.09,0.95,-40
40,-15,-5,347.38,138.24,68.69,25.12,2.51,0.94,-14
40,-15,-5,345.06,137.07,69.53,25.53,2.52,0.94,-14
40,-15,-5,348.08,138.39,68.47,26.19,2.52,0.91,-12
40,-15,-5,343.17,136.23,69.59,25.11,2.52,0.93,-13
40,-15,-5,347.79,138.29,68.57,26.15,2.51,0.93,-13
40,-15,-10,340.21,147.66,34.11,22.83,2.3,0.93,-23
40,-15,-10,341.04,148.07,31.67,23.04,2.3,0.92,-23
40,-15,-10,339.11,147.87,33.55,22.94,2.29,0.93,-24
40,-15,-10,344.51,149.16,33.33,23.58,2.31,0.91,-23
40,-15,-10,343.47,147.97,34.73,22.99,2.32,0.94,-25
40,-15,-15,340.17,163.26,-14.92,21.63,2.08,0.92,-39
40,-15,-15,342.81,163.83,-17.44,22.91,2.09,0.89,-36
40,-15,-15,338.96,162.61,-15.52,22.31,2.08,0.9,-38
40,-15,-15,340.96,163.12,-15.52,22.56,2.09,0.9,-37
40,-15,-15,340.4,163.12,-15.8,22.56,2.09,0.9,-37
40,-15,-20,339.53,176.89,-63.24,24.44,1.92,0.9,-51
40,-15,-20,339.29,176.52,-63.36,24.26,1.92,0.88,-50
40,-15,-20,340.65,177.9,-63.68,24.95,1.91,0.9,-51
40,-15,-20,339.59,176.93,-63.21,24.46,1.92,0.91,-52
40,-15,-20,339.06,177,-63.47,24.5,1.92,0.9,-52
40,-20,-15,329.64,161.33,35.82,15.67,2.04,0.87,-33
40,-20,-15,328.09,162.32,36.04,15.97,2.02,0.86,-33
40,-20,-15,330.82,162.63,36.41,16.31,2.03,0.85,-32
40,-20,-15,320.53,161.87,32.27,15.46,1.98,0.87,-33
40,-20,-15,327.69,162.97,35.84,15.48,2.01,0.89,-34
40,-20,-20,326.05,175.91,-15.97,14.96,1.85,0.84,-46
40,-20,-20,321.64,176.56,-20.75,15.28,1.82,0.83,-44
40,-20,-20,324.08,176.01,-16.96,15.01,1.84,0.84,-46
40,-20,-20,319.14,176.15,-19.43,15.08,1.81,0.85,-46
40,-20,-20,319.12,175.97,-19.44,14.98,1.81,0.86,-47
40,-20,-25,318.44,189.15,-63.78,16.58,1.68,0.84,-58
40,-20,-25,325.9,187.68,-61.05,16.84,1.74,0.84,-57
40,-20,-25,318.6,188.85,-63.7,16.43,1.69,0.86,-59
40,-20,-25,325.24,188.72,-61.38,17.36,1.72,0.82,-57
40,-20,-25,325.73,187.68,-61.14,16.84,1.74,0.84,-57
45,0,0,330.19,115.72,3.08,3.67,2.85,1.05,-5
45,0,0,327.98,115.16,-2.85,5.58,2.85,0.98,-1
45,0,0,326.34,116.76,0.12,4.79,2.79,1.02,-5
45,0,0,328.34,114.46,1.82,5.23,2.87,1,-2
45,0,0,325.75,114.32,0.86,5.16,2.85,1,-2
45,0,5,326.38,121.68,44.04,8.4,2.68,1.02,9
45,0,5,323.81,119.66,42.91,8.83,2.71,1.04,7
45,0,5,332.55,123.32,45.36,8.52,2.7,1.04,9
45,0,5,332.32,123.88,44.6,8.57,2.68,1.03,9
45,0,5,332.76,120,45.02,10,2.77,1.06,5
45,0,-5,329.68,126.54,-43.23,6.27,2.61,1,-12
45,0,-5,325.15,127.54,-41.58,4.44,2.55,1.04,-18
45,0,-5,333.73,126.4,-41.2,6.2,2.64,0.97,-12
45,0,-5,331.62,129.29,-43.2,5.43,2.57,1.01,-17
45,0,-5,335.53,126.41,-39.56,6.2,2.65,1.01,-14
45,5,0,329.36,120,-58.45,4,2.74,1,-7
45,5,0,325.28,121.56,-59.64,3.22,2.68,1.02,-9
45,5,0,322.72,120.07,-57.36,5.03,2.69,1,-8
45,5,0,327.49,119,-57.5,3.5,2.75,1.02,-7
45,5,0,325.54,121.05,-58.68,2.47,2.69,1.05,-12
45,5,5,322.32,122.37,1.84,4.87,2.63,1.05,8
45,5,5,325.49,122.71,0.26,4.81,2.65,1.07,6
45,5,5,322.83,121.21,0.59,4.83,2.66,1.03,7
45,5,5,324.36,122.17,0.87,4.82,2.65,1.04,8
45,5,5,324.15,122.45,0.93,4.79,2.65,1.03,9
45,5,10,325.11,133.84,47.37,8.46,2.43,1.06,19
45,5,10,321.41,130.77,45.3,9.39,2.46,1.08,16
45,5,10,324.7,131.25,44.65,9.62,2.47,1.07,17
45,5,10,322.19,133.09,45.91,8.31,2.42,1.06,18
45,5,10,323.63,131.27,44.18,9.64,2.47,1.08,16
45,10,5,321.49,122.85,-44.75,6.29,2.62,1.06,4
45,10,5,320.49,122.88,-45.24,6.56,2.61,1.05,6
45,10,5,320.55,122.33,-45.21,6.02,2.62,1.05,7
45,10,5,320.49,122.32,-45.24,6.27,2.62,1.06,5
45,10,5,322.57,122.64,-45.29,6.36,2.63,1.05,6
45,10,10,320.83,135.09,-0.2,7.5,2.37,1.1,17
45,10,10,316.42,133.68,-3.21,6.77,2.37,1.09,15
45,10,10,318.37,130.77,-3.18,7.38,2.43,1.09,13
45,10,10,319.31,133,-2.66,6.97,2.4,1.09,16
45,10,10,317.74,131.29,-2.87,7.65,2.42,1.1,14
45,10,15,319.39,148.52,54.31,10.95,2.15,1.11,30
45,10,15,317.32,148.51,55.34,11.37,2.14,1.13,29
45,10,15,316.56,147.87,54.72,10.72,2.14,1.09,31
45,10,15,321.7,147.52,53.15,10.77,2.18,1.11,30
45,10,15,314.19,147.39,56.91,11.54,2.13,1.1,29
45,10,15,317.17,148.38,54.41,10.96,2.14,1.1,30
45,15,5,309.43,124.39,-87.71,0.63,2.49,1.08,7
45,15,5,309.6,123,-86.8,1.5,2.52,1.1,6
45,15,5,312.15,124.45,-85.46,0.59,2.51,1.09,6
45,15,5,308.52,123.19,-86.26,1.59,2.5,1.11,5
45,15,5,309.54,122.25,-86.77,2.12,2.53,1.11,4
45,15,10,307.12,135.68,-31.16,1.84,2.26,1.19,14
45,15,10,307.76,137.84,-30.96,0.79,2.23,1.13,17
45,15,10,304.68,137.74,-33.34,-0.05,2.21,1.12,18
45,15,10,303.82,137.1,-33.91,-0.39,2.22,1.13,17
45,15,10,308.89,137.33,-31.26,0.3,2.25,1.13,17
45,15,15,302.15,150.53,21.93,2.16,2.01,1.14,32
45,15,15,303.06,149.86,21.47,1.49,2.02,1.17,30
45,15,15,301.15,149.97,21.43,1.88,2.01,1.13,32
45,15,15,301.98,150.32,22.01,1.85,2.01,1.14,32
45,15,15,300.79,150.52,21.61,1.97,2,1.14,32
45,15,20,303.23,159.37,56.64,5.1,1.9,1.16,40
45,15,20,300.52,157.81,55.74,4.6,1.9,1.18,38
45,15,20,301.26,159.1,56.37,4.99,1.89,1.18,39
45,15,20,300.91,157.39,55.54,4.33,1.91,1.16,40
45,15,20,301.15,158.39,55.62,4.79,1.9,1.15,40
45,20,10,296.67,135.11,-77.34,-0.12,2.2,1.15,15
45,20,10,295.67,134.75,-77.84,-0.4,2.19,1.13,16
45,20,10,296.67,134.34,-77.34,-0.6,2.21,1.13,16
45,20,10,299.34,134.83,-76,-0.36,2.22,1.16,14
45,20,10,299.75,135.24,-75.8,-0.05,2.22,1.16,14
45,20,15,292.03,147.12,-27.01,-1.28,1.99,1.18,27
45,20,15,290.1,147.09,-26.05,-1.23,1.97,1.17,27
45,20,15,291.74,146.39,-26.87,-0.92,1.99,1.17,26
45,20,15,291.08,146.7,-26.54,-1.42,1.98,1.16,27
45,20,15,290.88,146.66,-27.44,-0.65,1.98,1.19,26
45,20,20,285.29,156.91,17.35,0.58,1.82,1.21,35
45,20,20,289.8,157.01,15.1,0.91,1.85,1.21,35
45,20,20,288.91,156.88,15.54,1.04,1.84,1.22,35
45,20,20,286.38,155.44,16.81,1.72,1.84,1.22,34
45,20,20,289.05,155.66,16.48,0.83,1.86,1.2,34
45,20,25,288.57,169.9,71.72,5.56,1.7,1.23,49
45,20,25,288.98,169.21,71.51,5.98,1.71,1.28,46
45,20,25,287.89,167.22,72.06,6.61,1.72,1.26,45
45,20,25,289.53,169.82,71.24,5.58,1.7,1.21,49
45,20,25,289.47,169.52,71.27,5.45,1.71,1.21,48
45,25,15,279.73,146.09,-54.07,-5.82,1.91,1.23,24
45,25,15,276.78,145.97,-55.39,-5.87,1.9,1.22,26
45,25,15,273.18,143.72,-53.59,-6.14,1.9,1.2,25
45,25,15,274.03,145.02,-54.02,-5.49,1.89,1.22,25
45,25,15,277.37,145.68,-53.17,-5.88,1.9,1.21,25
45,25,20,271.39,153.59,-12.69,-5.2,1.77,1.25,33
45,25,20,269.36,152.82,-12.68,-5.59,1.76,1.23,34
45,25,20,270.2,152.44,-12.1,-4.78,1.77,1.26,32
45,25,20,268.22,153.58,-11.11,-5.21,1.75,1.25,33
45,25,20,267.2,153.49,-11.6,-5.26,1.74,1.25,33
45,25,25,269.01,165.04,47.49,-0.99,1.63,1.3,43
45,25,25,266.81,164.94,48.6,-1.53,1.62,1.3,43
45,25,25,267.91,165.6,48.05,-1.2,1.62,1.3,43
45,25,25,265.56,165.62,49.22,-1.19,1.6,1.3,43
45,25,25,266.7,164.9,48.65,-0.55,1.62,1.3,43
45,-5,0,324.97,113.39,49.49,7.27,2.87,1,3
45,-5,0,331.06,112.19,49.13,8.04,2.95,1.01,1
45,-5,0,326.62,114.4,49.31,6.8,2.86,0.99,3
45,-5,0,327.76,116.14,47.3,7.28,2.82,1.03,1
45,-5,0,329.96,114.02,50.98,7.23,2.89,1.01,2
45,-5,-5,328.03,124.65,1.25,4.39,2.63,1.01,-13
45,-5,-5,330.76,122.81,3.24,5.41,2.69,1.02,-12
45,-5,-5,321.21,124.43,0.6,4.98,2.58,1.01,-14
45,-5,-5,328.7,122.47,3.35,5.23,2.68,1.02,-12
45,-5,-5,323.86,123.62,-1.31,5.81,2.62,0.97,-8
45,-5,-10,325.57,139.17,-58.34,6.72,2.34,0.95,-23
45,-5,-10,325.39,140.13,-59,6.42,2.32,1,-27
45,-5,-10,323.88,139.69,-58.3,6.36,2.32,0.98,-26
45,-5,-10,324.52,140.3,-58.86,6.05,2.31,0.97,-25
45,-5,-10,333.4,141.76,-57.47,6.44,2.35,0.97,-28
45,-10,0,317.6,117.05,74.44,2.53,2.71,0.96,-3
45,-10,0,319.64,116.5,78.82,2.25,2.74,0.99,-6
45,-10,0,321.73,116.99,76.76,2.49,2.75,0.96,-3
45,-10,0,323.25,116.83,77.01,2.42,2.77,0.95,-2
45,-10,0,312.51,117.9,75.25,1.72,2.65,0.99,-5
45,-10,-5,314.98,129.92,32.9,-0.75,2.42,0.95,-14
45,-10,-5,314.2,126.65,36.1,-0.68,2.48,0.97,-14
45,-10,-5,321.25,127.39,35.17,-0.31,2.52,0.92,-12
45,-10,-5,312.39,128.27,34.19,-0.82,2.44,0.95,-13
45,-10,-5,322.68,129,35.9,-0.5,2.5,0.96,-13
45,-10,-10,318.1,140.85,-9.95,-2.79,2.26,0.95,-26
45,-10,-10,313.03,140.68,-12.48,-2.56,2.23,0.96,-27
45,-10,-10,311.81,141.15,-12.09,-2.42,2.21,0.92,-25
45,-10,-10,315.49,140.16,-10.25,-1.92,2.25,0.92,-24
45,-10,-10,319.63,141.07,-12.13,-1.47,2.27,0.92,-24
45,-10,-15,316.48,150.97,-51.76,-1.13,2.1,0.93,-36
45,-10,-15,313.04,151.62,-54.48,-0.72,2.06,0.94,-35
45,-10,-15,313.57,151.81,-53.21,-1.04,2.07,0.91,-36
45,-10,-15,311.41,151.07,-54.87,-0.59,2.06,0.96,-37
45,-10,-15,315.74,150.76,-52.13,-0.62,2.09,0.92,-36
45,-15,-5,314.25,130.6,74.13,-1.7,2.41,0.94,-14
45,-15,-5,313.1,130.87,73.55,-1.56,2.39,0.94,-13
45,-15,-5,313.99,130.55,73.99,-1.72,2.41,0.93,-13
45,-15,-5,316.02,130.67,75.01,-1.67,2.42,0.92,-13
45,-15,-5,315.39,130.64,74.7,-1.68,2.41,0.92,-13
45,-15,-10,312.48,143.13,27.24,-4.44,2.18,0.91,-25
45,-15,-10,311.48,143.93,27.74,-4.03,2.16,0.91,-25
45,-15,-10,311.48,142.74,27.74,-4.63,2.18,0.92,-24
45,-15,-10,313.83,142.89,26.57,-4.56,2.2,0.92,-24
45,-15,-10,311.48,142.74,27.74,-4.63,2.18,0.92,-25
45,-15,-15,303.76,155.73,-24.12,-5.14,1.95,0.89,-36
45,-15,-15,308.8,155.58,-21.6,-5.21,1.98,0.88,-36
45,-15,-15,310.77,153.5,-20.62,-5.25,2.02,0.88,-34
45,-15,-15,309.1,154.45,-21.45,-4.77,2,0.89,-35
45,-15,-15,309.77,154.33,-21.11,-4.84,2.01,0.88,-35
45,-15,-20,310.42,166.4,-71.79,-2.8,1.87,0.88,-46
45,-15,-20,308.94,167.64,-72.53,-3.18,1.84,0.87,-48
45,-15,-20,307.41,167.31,-73.3,-2.35,1.84,0.87,-47
45,-15,-20,310.77,166.61,-71.61,-2.7,1.87,0.86,-46
45,-15,-20,304.93,167.25,-75.53,-2.38,1.82,0.86,-46
45,-20,-10,306.08,138.27,68.04,-5.86,2.21,0.88,-18
45,-20,-10,309.44,139.73,67.64,-6.14,2.21,0.9,-19
45,-20,-10,307.24,138.48,68.62,-6.76,2.22,0.91,-20
45,-20,-10,302.97,138.52,66.48,-5.74,2.19,0.9,-19
45,-20,-10,307.13,138.55,68.56,-5.72,2.22,0.91,-19
45,-20,-15,306.64,149.67,23.35,-8.17,2.05,0.88,-28
45,-20,-15,302.62,149.44,24.31,-8.28,2.03,0.88,-29
45,-20,-15,303.3,149.73,21.87,-8.13,2.03,0.87,-28
45,-20,-15,302.47,148.99,24.24,-8.5,2.03,0.88,-29
45,-20,-15,306.16,149.81,23.59,-8.09,2.04,0.87,-29
45,-20,-20,297.27,164.43,-37.36,-7.78,1.81,0.85,-41
45,-20,-20,300.15,162.75,-35.92,-7.62,1.84,0.85,-41
45,-20,-20,301.43,163.08,-35.29,-7.53,1.85,0.85,-42
45,-20,-20,301.13,163.23,-35.43,-7.43,1.84,0.84,-41
45,-20,-20,300.74,162.75,-35.63,-7.62,1.85,0.84,-41
45,-20,-25,302.98,173.04,-74.51,-5.48,1.75,0.81,-50
45,-20,-25,302.91,172.38,-74.54,-5.81,1.76,0.82,-50
45,-20,-25,298.53,173.34,-76.73,-5.33,1.72,0.81,-49
45,-20,-25,305.61,173.02,-73.2,-5.49,1.77,0.82,-49
45,-20,-25,297.13,171.73,-77.43,-6.14,1.73,0.84,-50
45,-25,-15,294.31,145.25,58.16,-12.37,2.03,0.87,-26
45,-25,-15,298.52,146.96,57.12,-11.52,2.03,0.84,-24
45,-25,-15,295.96,147.19,56.25,-11.4,2.01,0.85,-24
45,-25,-15,295.57,146.5,58.78,-11.75,2.02,0.86,-26
45,-25,-15,295.26,146.75,58.63,-11.63,2.01,0.85,-25
45,-25,-20,292.01,158.54,4.01,-13.73,1.84,0.83,-37
45,-25,-20,287.15,159.95,0.57,-14.02,1.8,0.86,-38
45,-25,-20,291.78,159.66,2.89,-14.17,1.83,0.84,-38
45,-25,-20,292.01,158.28,4.01,-13.86,1.84,0.83,-37
45,-25,-20,290.73,159.63,2.37,-14.18,1.82,0.84,-37
45,-25,-25,286.33,168.05,-38.83,-12.98,1.7,0.81,-44
45,-25,-25,289.36,166.49,-36.32,-12.77,1.74,0.83,-45
45,-25,-25,285.29,168.05,-39.36,-12.98,1.7,0.81,-44
45,-25,-25,289.02,166.63,-36.49,-12.69,1.73,0.82,-45
45,-25,-25,284.3,166.74,-38.85,-12.63,1.71,0.82,-44
45,-25,-30,287.45,181.17,-91.27,-9.41,1.59,0.81,-57
45,-25,-30,289.22,181.56,-91.39,-9.2,1.59,0.8,-56
45,-25,-30,290.7,180.95,-89.65,-9.87,1.61,0.81,-57
45,-25,-30,288.2,181.38,-90.9,-9.53,1.59,0.82,-57
50,0,0,304.2,111.86,-4.62,-19.4,2.72,1.03,-5
50,0,0,304.31,111.3,-7.04,-18.88,2.73,1.04,-7
50,0,0,306.65,110.12,-4.1,-17.94,2.78,1.01,-5
50,0,0,301.14,110,-5.57,-18,2.74,0.98,-2
50,0,0,300.74,108.57,-4.02,-18.71,2.77,1.02,-4
50,0,0,302.72,109.06,-5.36,-18.47,2.78,0.99,-2
50,0,5,305.41,117.34,63.27,-12.33,2.6,1.07,8
50,0,5,304.92,121.97,61.75,-12.54,2.5,1.06,11
50,0,5,304.52,120.01,61.49,-13.53,2.54,1.04,11
50,0,5,310.15,119.66,62.25,-13.83,2.59,1.03,12
50,0,5,305.83,120.61,65.8,-13,2.54,1.06,10
50,0,-5,303.75,119.16,-47.87,-17.42,2.55,0.99,-13
50,0,-5,314.86,120.88,-46.89,-16.56,2.6,1.01,-14
50,0,-5,305.18,121.6,-49.59,-17.8,2.51,0.98,-13
50,0,-5,307.89,120.76,-47.44,-16.62,2.55,0.98,-11
50,0,-5,305.75,122.2,-49.31,-18.1,2.5,1.01,-13
50,5,0,301.32,111,-51.66,-19.5,2.71,0.99,-4
50,5,0,299.18,111,-50.59,-19.5,2.7,1,-5
50,5,0,298.18,113,-51.09,-20.5,2.64,1.02,-7
50,5,0,300.02,113,-49.19,-20.5,2.65,1.04,-8
50,5,0,302.59,112.17,-49.82,-21.08,2.7,1.04,-7
50,5,5,299.51,113.24,0.24,-15.38,2.64,1.07,4
50,5,5,299.36,115.1,0.32,-16.65,2.6,1.03,7
50,5,5,298,115.24,1,-16.38,2.59,1.05,7
50,5,5,298.12,114.28,0.94,-16.19,2.61,1.07,4
50,5,5,298.28,114.89,0.86,-16.52,2.6,1.06,6
50,5,10,298.16,121.19,46.92,-12.4,2.46,1.11,10
50,5,10,298.28,124.38,46.86,-13.99,2.4,1.08,14
50,5,10,298.05,124.16,46.97,-13.23,2.4,1.07,15
50,5,10,298.85,125.11,46.57,-13.12,2.39,1.08,15
50,5,10,298,124.44,46,-13.61,2.39,1.07,15
50,5,-5,302.99,119.76,-88.5,-17.88,2.53,1.04,-15
50,5,-5,304.12,121,-89.06,-15.5,2.51,1,-14
50,5,-5,305.11,121.82,-88.56,-16.91,2.5,1.01,-14
50,5,-5,302.72,119,-88.36,-16.5,2.54,1.02,-13
50,5,-5,306.56,120,-87.94,-15,2.55,1.01,-14
50,10,0,298.72,108.74,-90,-20.69,2.75,1.05,-5
50,10,0,297.92,109.72,-89.41,-20.59,2.72,1.07,-6
50,10,0,296.36,108.62,-92.18,-20.31,2.73,1.03,-4
50,10,0,296.23,110.09,-93.11,-21.37,2.69,1.07,-7
50,10,0,298.07,109.13,-90.43,-20.53,2.73,1.08,-7
50,10,5,292.04,115.43,-33.02,-19.28,2.53,1.1,5
50,10,5,290.55,114.94,-31.28,-19.53,2.53,1.08,6
50,10,5,295.21,114.81,-32.59,-19.6,2.57,1.07,7
50,10,5,292.49,115.01,-32.24,-19.49,2.54,1.09,6
50,10,5,291.4,117.25,-31.7,-20.39,2.49,1.07,8
50,10,10,289.51,126.75,8.24,-18.79,2.28,1.09,16
50,10,10,289.97,125.54,9.01,-18.6,2.31,1.08,16
50,10,10,291.18,123.63,9.74,-18.19,2.36,1.11,14
50,10,10,288.25,126.52,12.69,-17.77,2.28,1.12,15
50,10,10,292.28,127.53,10.61,-18.25,2.29,1.13,16
50,10,15,290.89,137.54,64.55,-15.05,2.11,1.13,26
50,10,15,294.74,139.05,63.63,-15.21,2.12,1.13,26
50,10,15,294.27,138.1,62.86,-15.44,2.13,1.12,26
50,10,15,295,139.29,63.5,-15.1,2.12,1.12,27
50,10,15,293.02,138.78,64.49,-14.98,2.11,1.12,27
50,15,5,286.98,117.18,-63.57,-22.41,2.45,1.12,7
50,15,5,283.62,115.89,-64.81,-22.05,2.45,1.09,7
50,15,5,283.4,117.14,-63.7,-22.3,2.42,1.12,7
50,15,5,282.62,114.89,-64.31,-21.55,2.46,1.11,6
50,15,5,281.52,115.34,-62.76,-21.33,2.44,1.14,3
50,15,10,281.14,125.28,-23.57,-23.37,2.24,1.11,14
50,15,10,285.61,125.96,-22.93,-22.98,2.27,1.12,14
50,15,10,280.73,125.72,-24.37,-23.21,2.23,1.09,17
50,15,10,280.44,126.37,-24.22,-22.83,2.22,1.09,18
50,15,10,278.63,125.4,-24.31,-23.14,2.22,1.1,16
50,15,15,279.75,141.03,43.13,-19.67,1.98,1.12,30
50,15,15,280.86,140.5,43.57,-19.19,2,1.14,29
50,15,15,275.62,140.37,46.19,-18.91,1.96,1.17,29
50,15,15,279.45,140.08,43.27,-19.19,1.99,1.14,29
50,15,15,278.26,140.4,43.87,-19.35,1.98,1.17,29
50,15,20,282.31,148.8,78.84,-15.99,1.9,1.17,34
50,15,20,282.11,148.59,79.94,-15.32,1.9,1.19,35
50,15,20,279.53,147.81,80.24,-15.86,1.89,1.21,33
50,15,20,282.69,147.82,78.66,-15.35,1.91,1.23,34
50,15,20,284.3,145.46,77.85,-14.27,1.95,1.22,34
50,25,10,264.28,122.59,-98.14,-25.29,2.16,1.19,10
50,25,10,269.05,123.67,-97.99,-25.81,2.18,1.18,11
50,25,10,266.32,123.65,-99.16,-25.98,2.15,1.17,11
50,25,10,265.49,122.46,-98.74,-26.33,2.17,1.16,11
50,25,10,266.24,123.41,-99.12,-25.84,2.16,1.16,12
50,25,15,260.34,135.03,-38.17,-27.49,1.93,1.19,23
50,25,15,257.14,133.64,-37.57,-28.18,1.92,1.16,23
50,25,15,258.21,133.96,-37.1,-27.02,1.93,1.22,21
50,25,15,258.57,133.47,-38.28,-28.08,1.94,1.19,22
50,25,15,258.95,131.73,-37.48,-27.4,1.97,1.2,22
50,25,20,250.76,141.28,4.62,-26.26,1.77,1.26,28
50,25,20,257.15,141.26,1.43,-26.51,1.82,1.24,29
50,25,20,256.38,141.24,1.81,-26.48,1.82,1.26,29
50,25,20,256.36,141.19,1.82,-26.53,1.82,1.26,29
50,25,20,257.57,142.74,2.22,-26.65,1.8,1.25,29
50,25,25,256.65,154.43,65.68,-22.08,1.66,1.28,40
50,25,25,256.94,152.36,65.53,-22.11,1.69,1.25,39
50,25,25,253.58,153.39,67.21,-21.53,1.65,1.26,39
50,25,25,255.58,152.06,66.21,-20.97,1.68,1.3,36
50,25,25,255.31,153.91,66.35,-21.79,1.66,1.26,39
50,25,30,255.02,162.05,106.49,-17.45,1.57,1.26,47
50,25,30,257.38,162.8,105.31,-17.15,1.58,1.26,47
50,25,30,256.5,162.57,104.75,-17.17,1.58,1.25,48
50,25,30,257.09,163.84,105.45,-17.32,1.57,1.26,48
50,25,30,262.4,163.3,102.8,-17.05,1.61,1.3,46
50,30,15,250.87,130.2,-80.43,-30.9,1.93,1.23,19
50,30,15,250.96,130.06,-81.48,-31.28,1.93,1.19,19
50,30,15,249.77,130.57,-80.88,-31.31,1.91,1.21,20
50,30,15,248.83,129.8,-75.41,-30.1,1.92,1.24,17
50,30,15,249,131.14,-76.5,-30.63,1.9,1.22,19
50,30,20,244.25,136.1,-33.13,-31.4,1.79,1.25,26
50,30,20,239.94,135.54,-30.97,-31.23,1.77,1.24,26
50,30,20,248.13,138.47,-30.42,-31.61,1.79,1.28,25
50,30,20,242.04,138.01,-31.02,-32,1.75,1.24,26
50,30,20,242.02,137.46,-30.01,-32.27,1.76,1.23,26
50,30,25,244.11,149.08,31.95,-28.93,1.64,1.31,35
50,30,25,243.78,149.69,32.11,-29.32,1.63,1.31,36
50,30,25,239.32,149.37,34.34,-29.23,1.6,1.31,35
50,30,25,239.41,147.88,33.29,-29.06,1.62,1.29,35
50,30,25,239.36,148.13,33.32,-28.93,1.62,1.3,35
50,30,30,242.85,156.42,68.58,-26.08,1.55,1.31,42
50,30,30,237.46,155.65,69.27,-25.59,1.53,1.32,41
50,30,30,239.68,155.63,70.16,-25.82,1.54,1.3,41
50,30,30,239.38,155.77,69.31,-26.19,1.54,1.33,42
50,30,30,243.59,155.98,67.21,-26.36,1.56,1.3,42
50,-5,0,308.5,110.05,40.25,-10.88,2.8,1.01,-3
50,-5,0,309.54,111.93,38.81,-18.22,2.77,1.02,-4
50,-5,0,309.74,110.57,39.44,-17.71,2.8,0.99,-3
50,-5,0,299.22,108.63,36.61,-17.69,2.75,1,-2
50,-5,0,305.08,109.45,39.11,-18.27,2.79,1.01,-2
50,-5,-5,304.56,119.71,8.28,-20.85,2.54,1.02,-13
50,-5,-5,302.03,119.64,3.17,-18.18,2.52,0.95,-8
50,-5,-5,308.35,121.22,7.56,-20.03,2.54,0.98,-11
50,-5,-5,308.9,118.08,7.06,-18.96,2.62,0.99,-10
50,-5,-5,305.48,117.96,5.32,-19.02,2.59,1,-11
50,-5,-10,307.6,132.1,-50.42,-18.99,2.33,0.97,-23
50,-5,-10,301.33,130.66,-52.04,-18.67,2.31,0.99,-23
50,-5,-10,303.1,131.6,-52.82,-18.69,2.3,0.96,-20
50,-5,-10,309.44,134.05,-49.78,-19.53,2.31,1,-26
50,-5,-10,302.9,130.6,-48.91,-18.7,2.32,0.97,-23
50,-5,-15,308.06,144.91,-95.47,-16.21,2.13,0.95,-34
50,-5,-15,296.89,139.37,-92.56,-16.31,2.13,0.99,-32
50,-5,-15,306.88,143.15,-90.37,-17.35,2.14,1,-35
50,-5,-15,296.24,139,-92.88,-16.5,2.13,0.97,-32
50,-5,-15,299.48,140.78,-91.26,-18.01,2.13,1.02,-34
50,-10,0,308.56,110.49,83.26,-17.72,2.79,0.97,0
50,-10,0,307.35,110.4,82.79,-18.59,2.78,1,0
50,-10,0,300,110.12,79.11,-18.44,2.72,0.96,1
50,-10,0,300.09,110.11,80.13,-17.85,2.73,0.96,1
50,-10,0,302.44,109.7,84.22,-18.44,2.76,1,-2
50,-10,-5,306.05,120.98,43.83,-22.15,2.53,0.97,-10
50,-10,-5,298.68,117.89,43.34,-21.05,2.53,0.96,-9
50,-10,-5,294.3,118.19,40.15,-21.19,2.49,0.96,-8
50,-10,-5,301.93,119.81,41.84,-21.1,2.52,0.95,-8
50,-10,-5,299.26,120.53,40.39,-21.7,2.48,0.97,-10
50,-10,-10,297.32,132.31,-12.34,-23.19,2.25,0.96,-21
50,-10,-10,293.73,132.08,-14.14,-23.1,2.22,0.97,-21
50,-10,-10,300.46,132.78,-10.77,-23.43,2.26,0.95,-21
50,-10,-10,299.45,133.86,-13.9,-22.1,2.24,0.96,-22
50,-10,-10,302.75,130.58,-12.12,-21.71,2.32,0.93,-19
50,-10,-15,298.55,142.5,-55.49,-21.36,2.1,0.94,-30
50,-10,-15,302.11,141.87,-50.95,-22.75,2.13,0.96,-29
50,-10,-15,297.72,141.21,-53.14,-22.42,2.11,0.96,-29
50,-10,-15,291.53,140.78,-55.24,-22.42,2.07,0.96,-32
50,-10,-15,307,140.62,-53.28,-20.69,2.18,0.9,-27
50,-15,-5,300.68,121.94,83.79,-23.26,2.47,0.95,-8
50,-15,-5,293.5,120.97,80.46,-22.7,2.43,0.94,-7
50,-15,-5,300.71,121.46,84.09,-23.07,2.48,0.95,-7
50,-15,-5,291.36,120.45,82.68,-23.16,2.42,0.93,-8
50,-15,-5,299.3,121.66,83.4,-23.17,2.46,0.94,-7
50,-15,-10,292.49,132.34,31.24,-26.83,2.21,0.95,-21
50,-15,-10,295.73,133.46,29.63,-26.27,2.22,0.9,-18
50,-15,-10,296.16,132.24,29.41,-26.88,2.24,0.93,-19
50,-15,-10,291.68,132.42,30.84,-27.79,2.2,0.96,-22
50,-15,-10,292.52,133.14,30.26,-26.43,2.2,0.92,-19
50,-15,-15,291.43,141.81,-15.29,-27.09,2.06,0.9,-27
50,-15,-15,288.81,142.16,-15.59,-27.92,2.03,0.92,-29
50,-15,-15,289.8,142.04,-15.1,-27.98,2.04,0.93,-30
50,-15,-15,295.48,142.63,-18.14,-27.07,2.07,0.9,-27
50,-15,-15,289.61,140.81,-15.19,-27.6,2.06,0.92,-28
50,-15,-20,296.01,156.35,-76.49,-24.82,1.89,0.88,-39
50,-15,-20,297.14,155.9,-77.72,-24.05,1.91,0.86,-38
50,-15,-20,290.71,153.27,-75.64,-25.36,1.9,0.88,-39
50,-15,-20,288.71,153.46,-75.65,-25.27,1.88,0.89,-39
50,-15,-20,292.39,156.34,-74.8,-26.8,1.87,0.93,-43
50,-25,-10,274.3,131.52,98.15,-32.24,2.09,0.88,-15
50,-25,-10,274.23,132.61,98.12,-32.7,2.07,0.88,-16
50,-25,-10,279.02,131.54,100.51,-32.23,2.12,0.9,-15
50,-25,-10,281.73,132.32,98.91,-31.84,2.13,0.86,-14
50,-25,-10,281.24,133.21,98.23,-31.95,2.11,0.86,-15
50,-25,-15,274.43,140.47,54.21,-36.77,1.95,0.86,-24
50,-25,-15,277.67,141.78,53.63,-36.11,1.96,0.88,-23
50,-25,-15,276.33,139.9,55.17,-36.05,1.98,0.86,-23
50,-25,-15,275.41,140.79,54.71,-35.61,1.96,0.86,-24
50,-25,-15,273.44,139.46,54.72,-36.27,1.96,0.87,-24
50,-25,-20,271.23,151.06,4.61,-37.87,1.8,0.86,-33
50,-25,-20,271.84,149.5,4.92,-38.25,1.82,0.85,-32
50,-25,-20,274.58,151.86,3.73,-38.07,1.81,0.84,-32
50,-25,-20,270.81,150.4,4.41,-38.8,1.8,0.87,-34
50,-25,-20,270.82,151.18,4.41,-38.41,1.79,0.85,-34
50,-25,-25,270.02,157.91,-36.99,-38.04,1.71,0.85,-41
50,-25,-25,266.37,157.73,-38.82,-37.13,1.69,0.85,-41
50,-25,-25,265.59,158.72,-39.21,-37.64,1.67,0.86,-40
50,-25,-25,265.22,158.11,-39.39,-37.94,1.68,0.85,-40
50,-25,-25,271,158.02,-36.5,-37.99,1.72,0.84,-41
50,-25,-30,274.26,170.18,-94.87,-34.91,1.61,0.82,-51
50,-25,-30,272.63,169.07,-95.69,-34.46,1.61,0.82,-50
50,-25,-30,273.79,172.23,-96.24,-32.89,1.59,0.81,-50
50,-25,-30,268.57,170.49,-97.72,-34.76,1.58,0.85,-52
50,-25,-30,268.49,168.17,-97.76,-34.92,1.6,0.85,-51
50,-30,-15,261.71,137.52,109.85,-41.24,1.9,0.82,-19
50,-30,-15,266.08,136.53,109.76,-41.74,1.95,0.84,-18
50,-30,-15,259.27,137.6,108.63,-41.2,1.88,0.85,-20
50,-30,-15,261.97,137.55,107.28,-41.22,1.9,0.83,-18
50,-30,-15,259.28,137.6,108.64,-41.2,1.88,0.86,-19
50,-30,-20,250.55,147.51,46.28,-47.25,1.7,0.82,-30
50,-30,-20,252.95,148.04,45.14,-46.98,1.71,0.81,-29
50,-30,-20,256.41,146.07,49.21,-46.96,1.76,0.81,-29
50,-30,-20,250.62,147.99,46.31,-47.01,1.69,0.82,-30
50,-30,-20,250.55,147.99,46.27,-47.01,1.69,0.82,-30
50,-30,-25,247.9,156.3,1.95,-47.85,1.59,0.8,-37
50,-30,-25,246.85,155.09,1.42,-48.46,1.59,0.81,-37
50,-30,-25,248,154.82,2,-48.59,1.6,0.82,-37
50,-30,-25,247.9,157,1.95,-47.5,1.58,0.79,-37
50,-30,-25,246.89,156.85,2.45,-49.97,1.57,0.84,-40
50,-30,-30,246.32,167.69,-50.84,-47.15,1.47,0.8,-46
50,-30,-30,249.73,173.37,-52.7,-44.31,1.44,0.75,-45
50,-30,-30,249.53,165.44,-52.43,-47.28,1.51,0.77,-40
50,-30,-30,251.77,169.85,-48.12,-48.23,1.48,0.82,-49
50,-30,-30,246.19,164.16,-50.91,-47.92,1.5,0.8,-45
50,-30,-30,246.17,164.03,-50.92,-47.99,1.5,0.79,-44
50,-30,-35,251.1,177.89,-93.1,-43.29,1.41,0.77,-53
50,-30,-35,248.38,172.36,-92.81,-45.91,1.44,0.81,-53
50,-30,-35,251.18,172.64,-91.41,-46.01,1.45,0.79,-52
50,-30,-35,249.42,176.59,-92.29,-44.1,1.41,0.77,-53
60,0,0,274.17,112.87,7.09,-48.23,2.43,1,-6
60,0,0,275.01,105.81,6.18,-50.09,2.6,1.02,-3
60,0,0,268.69,105.08,3.83,-49.93,2.56,1.03,-4
60,0,0,273.87,107.09,6.93,-48.97,2.56,1.03,-3
60,0,0,269.1,112.65,4.55,-49.37,2.39,0.92,4
60,0,5,271.36,106.69,61.39,-43.89,2.54,1.07,5
60,0,5,270.09,106.14,63.05,-43.93,2.54,1.06,6
60,0,5,271.9,106.14,62.14,-43.93,2.56,1.06,6
60,0,5,272.55,108.88,61.82,-45.05,2.5,1.02,9
60,0,5,272.55,106.16,62.46,-43.92,2.57,1.09,4
60,0,-5,271.89,107.68,-32.95,-49.68,2.52,0.99,-8
60,0,-5,274.32,108.1,-31.73,-50.05,2.54,1.01,-9
60,0,-5,274.32,107.74,-31.73,-49.87,2.55,1,-8
60,0,-5,269.47,105.36,-31.74,-49.32,2.56,1,-7
60,0,-5,269.59,107.45,-32.79,-50.19,2.51,1,-8
60,5,0,271.43,101.09,-22.72,-50.42,2.68,1.04,-1
60,5,0,267.91,100.15,-21.95,-49.54,2.67,1.02,1
60,5,0,270.87,98.1,-22.43,-48.95,2.76,1.03,0
60,5,0,268.91,99.95,-21.45,-49.64,2.69,1.02,1
60,5,0,266.91,99.78,-22.45,-49.73,2.67,1.02,1
60,5,-5,273.69,101,-53.17,-49.5,2.71,1,-3
60,5,-5,270.01,102,-55.01,-50,2.65,1.01,-5
60,5,-5,269.96,102.01,-54.98,-50,2.65,1.01,-5
60,5,-5,269.96,104.09,-54.98,-51.03,2.59,1.03,-7
60,5,-5,270.01,101,-55.01,-49.5,2.67,0.99,-3
60,5,5,264.57,110.3,37.72,-46.91,2.4,1.06,9
60,5,5,270.26,110.04,35.87,-47.31,2.46,1.05,9
60,5,5,269.45,110.4,37.95,-46.99,2.44,1.08,8
60,5,5,267.22,109.87,37.39,-47.22,2.43,1.06,9
60,5,5,267.22,110.14,37.39,-47.09,2.43,1.06,9
60,5,10,270.48,118.02,75.76,-43.64,2.29,1.06,17
60,5,10,272.06,118.21,74.97,-43.65,2.3,1.06,17
60,5,10,272.06,118.36,74.97,-43.58,2.3,1.06,17
60,5,10,271.79,118.04,74.84,-43.74,2.3,1.06,17
60,5,10,272.06,118.13,74.97,-43.7,2.3,1.06,17
60,10,0,267.19,101.78,-69.6,-48.64,2.63,1.05,-3
60,10,0,265.19,99.42,-68.59,-47.29,2.67,1.03,-1
60,10,0,267.19,99.42,-69.6,-47.29,2.69,1.02,0
60,10,0,267.19,99.47,-69.6,-47.27,2.69,1.02,0
60,10,0,265.19,99.4,-68.59,-47.3,2.67,1.03,-1
60,10,5,264.16,107.81,-10.08,-47.32,2.45,1.06,8
60,10,5,263.16,108.34,-10.58,-47.06,2.43,1.06,9
60,10,5,264.15,107.63,-10.07,-47.24,2.45,1.06,8
60,10,5,264.16,108.02,-10.08,-47.03,2.45,1.05,9
60,10,5,262.01,107.65,-9.01,-47.24,2.43,1.05,8
60,10,10,264.18,112.64,29.91,-43.68,2.35,1.13,11
60,10,10,264.18,112.64,29.91,-43.68,2.35,1.13,11
60,10,10,263.95,115.16,30.02,-44.87,2.29,1.09,14
60,10,10,264.18,112.64,29.91,-43.68,2.35,1.13,11
60,10,10,264.18,112.31,29.91,-43.84,2.35,1.13,11
60,10,15,262.32,126.57,87.84,-39.91,2.07,1.11,24
60,10,15,265.42,126.39,85.29,-40.24,2.1,1.11,24
60,10,15,266.42,126.97,85.79,-39.95,2.1,1.12,24
60,10,15,264.78,126.48,85.61,-40.16,2.09,1.12,24
60,10,15,266.42,126.97,85.79,-39.95,2.1,1.12,24
60,20,5,255.21,106.8,-85.61,-51.31,2.39,1.11,4
60,20,5,255.21,106.91,-85.61,-51.36,2.39,1.11,4
60,20,5,253.35,106.76,-84.67,-51.27,2.37,1.1,5
60,20,5,253.35,106.65,-84.67,-51.23,2.38,1.12,4
60,20,5,253.35,106.75,-84.67,-51.28,2.37,1.12,4
60,20,10,250.42,113.74,-39.21,-52.13,2.2,1.13,11
60,20,10,251.36,113.42,-39.68,-52.52,2.22,1.13,11
60,20,10,248.76,112.71,-38.38,-51.65,2.21,1.12,12
60,20,10,250.42,113.77,-39.21,-52.11,2.2,1.13,11
60,20,10,250.42,113.85,-39.21,-52.22,2.2,1.11,13
60,20,15,248.25,125,26.87,-49.98,1.99,1.16,22
60,20,15,250.1,122.78,25.95,-48.61,2.04,1.18,20
60,20,15,248.97,125.01,26.52,-50.01,1.99,1.16,22
60,20,15,248.64,125.2,26.68,-49.88,1.99,1.14,22
60,20,15,247.5,121.14,27.25,-49.43,2.04,1.2,19
60,20,20,244.57,130.46,62.71,-46.95,1.87,1.16,28
60,20,20,249.27,130.83,60.36,-47.13,1.91,1.17,28
60,20,20,250.04,130.88,59.98,-47.16,1.91,1.14,28
60,20,20,249.5,130.9,60.25,-47.15,1.91,1.17,28
60,20,20,250.04,130.85,59.98,-47.18,1.91,1.14,28
60,30,10,235.08,112.42,-103.54,-53.38,2.09,1.17,10
60,30,10,237.57,112.05,-102.2,-53.19,2.12,1.17,10
60,30,10,236.49,111.89,-102.21,-53.59,2.11,1.17,10
60,30,10,235.61,111.94,-102.66,-53.65,2.1,1.17,10
60,30,15,228.11,118.86,-53.05,-55.54,1.92,1.19,17
60,30,15,227.97,118.84,-52.99,-55.53,1.92,1.19,17
60,30,15,230.04,118.4,-53.02,-55.85,1.94,1.17,18
60,30,15,225.82,117.85,-51.91,-55.08,1.92,1.2,16
60,30,15,228.84,117.7,-52.42,-55.42,1.94,1.19,17
60,30,20,223.1,124.48,-6.55,-54.76,1.79,1.22,23
60,30,20,225.46,124.15,-6.73,-55.13,1.82,1.19,24
60,30,20,225.08,123.6,-6.54,-55.2,1.82,1.2,24
60,30,20,225.62,125.14,-6.81,-54.66,1.8,1.2,24
60,30,20,225.91,124.99,-6.96,-55.55,1.81,1.2,24
60,30,25,226.01,134.22,53,-52.16,1.68,1.21,32
60,30,25,225.06,134.19,53.47,-52.11,1.68,1.21,32
60,30,25,226.01,134.28,53,-52.13,1.68,1.23,32
60,30,25,227.01,134.33,53.5,-52.1,1.69,1.23,32
60,30,25,225.56,134.28,53.22,-52.13,1.68,1.24,32
60,30,30,227.34,142.47,98.33,-47.35,1.6,1.22,38
60,30,30,227.27,142.27,98.36,-47.46,1.6,1.21,39
60,30,30,227.27,142.44,98.36,-47.37,1.6,1.22,38
60,30,30,227.45,142.27,98.27,-47.46,1.6,1.21,39
60,30,30,227.27,142.27,98.36,-47.46,1.6,1.21,39
60,40,15,211.61,115,-100.81,-62.5,1.84,1.23,14
60,40,15,211.61,115,-100.81,-62.5,1.84,1.25,14
60,40,15,211.71,116.05,-100.86,-62.97,1.82,1.25,15
60,40,15,211.71,115.99,-100.86,-63,1.83,1.23,15
60,40,15,211.61,114.99,-100.81,-62.5,1.84,1.23,14
60,40,20,206.81,118.54,-67.4,-64.73,1.74,1.24,20
60,40,20,206.69,117.54,-67.35,-64.23,1.76,1.25,19
60,40,20,206.69,117.54,-67.35,-64.23,1.76,1.25,19
60,40,20,206.81,118.54,-67.4,-64.73,1.74,1.24,20
60,40,20,206.69,118.06,-67.35,-63.97,1.75,1.27,19
60,40,25,202.02,126.05,-3.01,-63.97,1.6,1.31,25
60,40,25,202.02,126.05,-3.01,-63.97,1.6,1.31,25
60,40,25,201.23,125.05,-2.62,-64.47,1.61,1.28,25
60,40,25,201.2,125.13,-2.6,-64.43,1.61,1.28,25
60,40,25,202.02,126.02,-3.01,-63.99,1.6,1.31,25
60,40,30,200.05,130.44,30.97,-62.79,1.53,1.27,31
60,40,30,199.06,130.75,30.47,-63.47,1.52,1.25,31
60,40,30,202.73,130.65,29.64,-62.91,1.55,1.27,31
60,40,30,200.71,130.21,29.64,-63.05,1.54,1.27,31
60,40,30,200.05,130.41,30.97,-62.8,1.53,1.27,31
60,40,35,203.17,137.23,80.41,-59.02,1.48,1.27,37
60,40,35,201.28,137.85,81.36,-59.32,1.46,1.25,38
60,40,35,203.65,137.26,80.17,-59.03,1.48,1.25,37
60,40,35,203.17,137.95,80.41,-59.38,1.47,1.25,38
60,40,35,202.88,137.21,80.56,-59.03,1.48,1.27,37
60,40,40,206.68,145.65,125.66,-53.65,1.42,1.26,44
60,40,40,206.62,146.23,125.69,-53.72,1.41,1.26,44
60,40,40,206.37,146.9,125.82,-53.28,1.4,1.27,44
60,40,40,206.37,147.22,125.82,-53.12,1.4,1.27,44
60,40,40,206.37,145.89,125.82,-53.78,1.41,1.27,43
60,-5,0,266.09,103.86,49.7,-39.56,2.56,0.99,8
60,-5,0,269.73,105.49,51.52,-38.75,2.56,1.01,9
60,-5,0,268.18,104.27,51.09,-39.11,2.57,0.99,9
60,-5,0,266.92,104.45,51.46,-39.17,2.56,0.99,9
60,-5,0,267.92,104.52,50.96,-39.21,2.56,0.99,9
60,-5,-5,269.79,98.37,0.15,-40.68,2.74,0.96,1
60,-5,-5,265.58,97.96,1.79,-41.02,2.71,0.98,0
60,-5,-5,267.75,98.15,-0.87,-40.57,2.73,0.95,1
60,-5,-5,267.75,98.15,-0.87,-40.57,2.73,0.95,1
60,-5,-5,263.03,99.6,0.52,-41.84,2.64,0.99,-2
60,-5,-10,271.28,111.22,-56.65,-40.8,2.44,1,-15
60,-5,-10,266.29,108.81,-59.14,-39.59,2.45,0.98,-13
60,-5,-10,268.68,110.61,-57.27,-40.96,2.43,0.97,-12
60,-5,-10,266.29,108.81,-59.14,-39.59,2.45,0.97,-12
60,-5,-10,266.47,110.87,-59.06,-40.62,2.4,1.01,-15
60,-5,-15,272.34,117.74,-100.99,-37.13,2.31,0.95,-19
60,-5,-15,274.36,119.42,-102,-36.29,2.3,0.93,-19
60,-5,-15,269.6,117.45,-99.62,-37.27,2.3,0.93,-17
60,-5,-15,271.06,117.2,-100.35,-37.4,2.31,0.94,-19
60,-5,-15,272.42,117.64,-97.79,-37.18,2.32,0.94,-18
60,-10,0,270.51,99.32,69.25,-42.66,2.72,0.97,4
60,-10,0,270.51,98.04,69.25,-42.02,2.76,0.98,3
60,-10,0,273.2,100,67.91,-42.06,2.73,0.96,4
60,-10,0,270.51,98.65,69.25,-41.62,2.74,0.98,2
60,-10,0,273.2,100,67.91,-42.06,2.73,0.96,4
60,-10,-5,271.1,103.86,32.38,-43.76,2.61,0.96,-4
60,-10,-5,265.55,102.22,33.78,-42.89,2.6,0.94,-2
60,-10,-5,270.35,104.59,33.24,-43.55,2.58,0.97,-4
60,-10,-5,262.12,103.65,32.06,-43.57,2.53,0.96,-4
60,-10,-10,267.48,113.58,-22.26,-44.66,2.35,0.94,-13
60,-10,-10,266.89,113.13,-22.56,-44.44,2.36,0.93,-12
60,-10,-10,268.15,114.27,-21.92,-44.79,2.35,0.96,-15
60,-10,-10,267.66,112.28,-22.17,-43.86,2.38,0.92,-11
60,-10,-10,267.18,113.13,-22.41,-44.44,2.36,0.93,-12
60,-10,-15,269.36,123.13,-67.32,-43.66,2.19,0.96,-24
60,-10,-15,269.36,122.58,-67.32,-43.43,2.2,0.95,-23
60,-10,-15,271.71,124.51,-68.49,-42.97,2.18,0.93,-23
60,-10,-15,269.36,122.51,-67.32,-43.47,2.2,0.95,-23
60,-10,-15,267.08,122.31,-68.46,-43.37,2.18,0.95,-23
60,-20,-10,259.1,112.11,55.55,-47.95,2.31,0.91,-10
60,-20,-10,259.1,112,55.55,-48,2.31,0.92,-10
60,-20,-10,259.1,112.01,55.55,-48,2.31,0.91,-10
60,-20,-10,259.1,112.01,55.55,-48,2.31,0.92,-11
60,-20,-10,259.1,112.01,55.55,-48,2.31,0.91,-10
60,-20,-15,256.63,117.58,13.76,-49.21,2.18,0.9,-16
60,-20,-15,256.24,118.42,14.12,-49.79,2.16,0.91,-17
60,-20,-15,257.4,118.57,14.7,-49.71,2.17,0.92,-18
60,-20,-15,256.08,117.46,14.04,-49.27,2.18,0.9,-16
60,-20,-15,256.24,118.65,14.12,-49.67,2.16,0.91,-17
60,-20,-20,255.34,128.43,-45.33,-48.79,1.99,0.86,-25
60,-20,-20,256.32,128.43,-44.84,-48.79,2,0.86,-25
60,-20,-20,255.34,128.43,-45.33,-48.79,1.99,0.86,-25
60,-20,-20,256.32,128.43,-44.84,-48.79,2,0.86,-25
60,-20,-20,251.74,128.43,-47.13,-48.79,1.96,0.87,-25
60,-20,-25,258.56,135.31,-78.72,-47.35,1.91,0.86,-31
60,-20,-25,259.45,135.31,-78.27,-47.35,1.92,0.86,-31
60,-20,-25,258.56,135.31,-78.72,-47.35,1.91,0.86,-31
60,-20,-25,257.58,135.31,-79.21,-47.35,1.9,0.87,-32
60,-20,-25,258.56,135.31,-78.72,-47.35,1.91,0.86,-31
60,-30,-15,248.79,115.95,87.7,-53.03,2.15,0.87,-11
60,-30,-15,245.99,115.16,89,-53.42,2.14,0.87,-13
60,-30,-15,247.06,115.16,89.53,-53.42,2.15,0.86,-13
60,-30,-15,245,115.16,88.5,-53.42,2.13,0.86,-12
60,-30,-15,246.11,115.78,89.05,-53.11,2.13,0.88,-14
60,-30,-20,239.31,124.75,26.66,-56.63,1.92,0.84,-20
60,-30,-20,238.27,124.33,26.14,-56.84,1.92,0.83,-21
60,-30,-20,234.37,124.33,24.18,-56.84,1.89,0.83,-21
60,-30,-20,239.31,124.75,26.66,-56.63,1.92,0.84,-20
60,-30,-20,239.32,124.75,26.66,-56.63,1.92,0.82,-20
60,-30,-25,239.43,131.17,-16.28,-57.41,1.83,0.81,-27
60,-30,-25,238.43,131.02,-16.78,-57.49,1.82,0.81,-27
60,-30,-25,238.43,130.99,-16.78,-57.51,1.82,0.83,-28
60,-30,-25,239.44,131.17,-16.28,-57.42,1.83,0.82,-27
60,-30,-25,232.01,131.25,-20,-57.38,1.77,0.79,-28
60,-30,-30,237.52,141.34,-76.24,-55.33,1.68,0.7,-35
60,-30,-30,236.94,142.83,-76.53,-55.84,1.66,0.83,-37
60,-30,-30,237.06,142.62,-76.47,-55.97,1.66,0.81,-37
60,-30,-30,238.76,141.34,-75.62,-55.33,1.69,0.73,-36
60,-30,-30,236.83,142.61,-76.58,-55.97,1.66,0.81,-37
60,-40,-20,216.24,120.94,79.12,-65.53,1.79,0.83,-19
60,-40,-20,217.3,120.94,79.65,-65.53,1.8,0.83,-20
60,-40,-20,216.2,120.94,79.1,-65.53,1.79,0.82,-19
60,-40,-20,216.2,120.57,79.1,-64.72,1.79,0.8,-18
60,-40,-20,216.2,120.94,79.1,-65.53,1.79,0.82,-19
60,-40,-25,212.2,126.18,39.1,-67.91,1.68,0.77,-24
60,-40,-25,212.34,126.14,39.17,-67.93,1.68,0.79,-24
60,-40,-25,212.34,126.14,39.17,-67.93,1.68,0.79,-24
60,-40,-25,212.17,126.18,39.09,-67.91,1.68,0.77,-24
60,-40,-25,214.9,126.3,37.72,-67.85,1.7,0.77,-23
60,-40,-30,211.41,135.95,-17.29,-69.02,1.56,0.78,-31
60,-40,-30,211.41,135.16,-17.29,-69.42,1.56,0.77,-30
60,-40,-30,211.65,134.62,-17.17,-69.69,1.57,0.8,-31
60,-40,-30,211.41,135.13,-17.29,-69.43,1.56,0.77,-30
60,-40,-30,211.53,135.16,-17.23,-69.42,1.57,0.78,-31
60,-40,-35,212.77,143.4,-68.61,-68.32,1.48,0.79,-37
60,-40,-35,212.91,143.41,-68.55,-68.31,1.48,0.79,-37
60,-40,-35,212.9,143.98,-68.55,-68.86,1.48,0.79,-37
60,-40,-35,215.35,144.63,-69.77,-68.52,1.49,0.79,-37
60,-40,-35,212.77,143.4,-68.61,-68.32,1.48,0.79,-37
60,-40,-40,218.72,151.91,-120.64,-65.61,1.44,0.79,-45
60,-40,-40,216.1,151.7,-121.95,-65.51,1.42,0.8,-45
60,-40,-40,215.94,152.68,-122.03,-65.02,1.41,0.79,-45
60,-40,-40,218.72,151.91,-120.64,-65.61,1.44,0.79,-45
60,-40,-40,218.19,151.64,-120.91,-65.48,1.44,0.79,-45
70,0,0,236.23,88.86,-0.12,-76.58,2.66,1,1
70,0,0,238.73,88.66,-4.36,-76.67,2.69,1,0
70,0,0,235.77,88.08,-1.89,-76.96,2.68,1.04,-2
70,0,0,235.41,89.47,-2.7,-77.28,2.63,1.03,-2
70,0,0,236.57,88.2,-2.29,-77.02,2.68,1,1
70,0,0,235.57,89.65,-2.79,-77.06,2.63,1.02,-1
70,0,5,241.71,98.32,61.21,-72.75,2.46,1.02,9
70,0,5,240.76,98.69,62.62,-72.42,2.44,1.02,9
70,0,5,239.89,96.43,62.12,-71.8,2.49,1.03,8
70,0,5,243.98,98.75,62.41,-72.28,2.47,1.05,8
70,0,5,240.76,98.69,62.62,-72.42,2.44,1.02,9
70,0,10,241.11,105.57,105.44,-68.09,2.28,1.05,14
70,0,10,245.08,104.65,105.46,-67.74,2.34,1.05,14
70,0,10,244.49,104.42,105.76,-67.62,2.34,1.06,13
70,0,10,244.78,104.26,105.61,-67.54,2.35,1.06,13
70,0,10,244.92,105.53,105.54,-68.26,2.32,1.03,15
70,5,0,238.92,89.05,-29.46,-76.48,2.68,1.02,-1
70,5,0,238.08,88.68,-30.04,-76.66,2.68,1.04,-3
70,5,0,237.93,90.94,-29.97,-77.47,2.62,1.02,-3
70,5,0,238.05,88.68,-30.02,-76.66,2.68,1.04,-3
70,5,0,237.92,88.68,-29.96,-76.66,2.68,1.01,-1
70,5,5,233,96.32,35.5,-71.03,2.42,1.07,6
70,5,5,232.25,96.17,35.87,-71.2,2.42,1.03,7
70,5,5,236.54,95.92,34.73,-71.64,2.47,1.05,7
70,5,5,231.09,94.18,29.45,-74.85,2.45,1.05,5
70,5,5,234.18,94.51,27.91,-74.89,2.48,1.02,7
70,5,10,236.29,100.95,80.85,-69.53,2.34,1.1,10
70,5,10,236.29,100.54,80.85,-69.73,2.35,1.08,11
70,5,10,239.87,103.77,80.07,-70.48,2.31,1.06,13
70,5,10,239.12,101.71,79.44,-69.88,2.35,1.07,11
70,5,10,239.05,103.79,79.48,-70.91,2.3,1.06,12
70,5,-5,239.06,93.31,-67.53,-74.34,2.56,1.06,-10
70,5,-5,242.98,94.08,-65.95,-73.96,2.58,1.04,-9
70,5,-5,239.04,94,-67.52,-74,2.54,1.05,-10
70,5,-5,239.03,94,-67.51,-74,2.54,1,-6
70,5,-5,239.44,94.08,-67.72,-73.96,2.55,1.05,-10
70,0,-5,241.21,93.85,-52.61,-77.07,2.57,1,-6
70,0,-5,239.21,93.34,-52.6,-77.33,2.56,1.01,-6
70,0,-5,240.08,93.04,-53.04,-77.48,2.58,1.02,-7
70,0,-5,244.11,94,-50.87,-77,2.6,1,-7
70,0,-5,241.87,94,-51.08,-77,2.57,0.98,-5
70,0,-10,252.45,104.5,-98.72,-76.25,2.42,1.05,-17
70,0,-10,245.95,101,-101.97,-74.5,2.44,1,-13
70,0,-10,245.01,101,-101.51,-74.5,2.43,1.01,-14
70,0,-10,245.01,103.82,-101.51,-75.91,2.36,1.03,-17
70,0,-10,245.03,101.56,-101.52,-74.22,2.41,1,-13
70,10,0,237.14,89.56,-46.57,-76.22,2.65,1.03,-1
70,10,0,235.91,89.84,-46.11,-76.08,2.63,1.06,-2
70,10,0,235.21,91.38,-46.47,-77.33,2.57,1.1,-6
70,10,0,233.31,89.52,-44.65,-76.24,2.61,1.07,-4
70,10,0,235.07,89.11,-46.54,-76.45,2.64,1.06,-3
70,10,-5,243.28,92,-77.31,-76,2.64,1.01,-4
70,10,-5,247.6,93.78,-75.15,-76.89,2.64,1.03,-6
70,10,-5,244.04,92,-77.08,-76,2.65,1.03,-6
70,10,-5,239.11,91.04,-77.55,-75.52,2.63,1.05,-7
70,10,-5,238.14,90.12,-78.07,-75.94,2.64,1.02,-4
70,10,5,234.04,97.1,12.98,-74.53,2.41,1.06,8
70,10,5,235.82,96.63,12.09,-74.34,2.44,1.06,7
70,10,5,235.67,96.45,12.16,-74.52,2.44,1.06,7
70,10,5,234.81,96.48,12.6,-74.22,2.43,1.07,7
70,10,5,234.92,96.84,12.54,-74.72,2.43,1.05,8
70,10,10,235.23,102.61,51.39,-72.14,2.29,1.07,12
70,10,10,231.3,102.31,53.35,-71.98,2.26,1.07,12
70,10,10,235.56,99.95,51.22,-71.03,2.36,1.13,9
70,10,10,237.97,102.85,50.01,-72.25,2.31,1.08,12
70,10,10,232.05,102.39,52.98,-72.02,2.27,1.08,12
70,10,15,240.46,111.33,115.77,-64.51,2.16,1.12,19
70,10,15,239.15,111.18,116.42,-64.41,2.15,1.15,18
70,10,15,238.22,111.19,116.89,-64.41,2.14,1.15,18
70,10,15,239.67,111.28,116.17,-64.45,2.15,1.12,19
70,10,15,246.33,114.14,112.84,-65.88,2.16,1.09,21
70,20,0,238.16,94.76,-128.08,-76.04,2.51,1.08,-5
70,20,0,235.18,94.09,-125.59,-78.5,2.5,1.09,-6
70,20,0,242.5,96.22,-127,-74.34,2.52,1.12,-6
70,20,0,239.25,94.51,-127.62,-74.56,2.53,1.07,-4
70,20,0,240.48,95.2,-126.01,-76.05,2.53,1.09,-5
70,20,5,233.78,94.71,-61.31,-77.48,2.47,1.1,3
70,20,5,234.07,93.99,-61.84,-77.92,2.49,1.1,3
70,20,5,229.82,94.67,-62.35,-77.42,2.43,1.11,3
70,20,5,227.6,92.39,-65.23,-78.75,2.46,1.05,5
70,20,5,234.64,94.34,-61.56,-77.75,2.49,1.1,3
70,20,10,226.47,98.31,-15.01,-75.84,2.3,1.14,9
70,20,10,226.86,101.37,-15.88,-77.38,2.24,1.1,12
70,20,10,224.02,97.78,-17.01,-78.56,2.29,1.06,12
70,20,10,225.21,100.62,-16.6,-77.75,2.24,1.09,12
70,20,10,225.21,100.64,-16.6,-77.74,2.24,1.09,12
70,20,15,223.73,108.33,38.14,-72.75,2.07,1.2,18
70,20,15,220.68,107.73,39.66,-72.46,2.05,1.15,18
70,20,15,224.06,108.75,37.97,-73.03,2.06,1.18,18
70,20,15,226.8,109.07,38.98,-72.91,2.08,1.17,19
70,20,15,223.27,108.73,38.36,-72.97,2.05,1.18,19
70,20,20,228.9,116.99,80.55,-69.88,1.96,1.11,24
70,20,20,226.9,117.08,79.55,-69.84,1.94,1.11,24
70,20,20,229.96,117.83,79.02,-69.63,1.95,1.14,23
70,20,20,227.13,117.71,80.44,-69.51,1.93,1.13,24
70,20,20,229.53,118.23,80.24,-69.34,1.94,1.14,23
70,30,10,217.5,100.27,-74.56,-79.62,2.17,1.15,8
70,30,10,215.29,100.42,-76.64,-79.63,2.14,1.15,8
70,30,10,218.93,100.49,-73.84,-79.51,2.18,1.16,7
70,30,10,214.29,100.03,-77.14,-79.82,2.14,1.14,9
70,30,10,218.01,100.49,-74.3,-79.51,2.17,1.16,7
70,30,15,211.29,107.99,-14.65,-80.24,1.96,1.18,16
70,30,15,209.34,106.36,-14.67,-80.08,1.97,1.18,16
70,30,15,209.35,106.34,-14.67,-80.07,1.97,1.17,16
70,30,15,210.3,106.51,-15.15,-80.15,1.97,1.15,16
70,30,15,210.04,107.12,-14.02,-79.72,1.96,1.17,16
70,30,20,210.89,111.9,20.55,-79.28,1.88,1.15,21
70,30,20,211.2,112.07,20.4,-79.36,1.88,1.17,21
70,30,20,210.99,112.37,20.5,-79.16,1.88,1.19,20
70,30,20,211.2,112.4,20.4,-79.2,1.88,1.19,20
70,30,20,210.24,112.36,20.88,-79.17,1.87,1.22,20
70,30,25,212.28,122.57,93.86,-73.47,1.73,1.16,29
70,30,25,212.46,122.25,93.77,-73.39,1.74,1.16,29
70,30,25,210.22,122.4,94.89,-73.39,1.72,1.16,29
70,30,25,212.06,122.53,93.97,-73.46,1.73,1.16,29
70,30,25,210.88,122.13,93.56,-73.67,1.73,1.16,29
70,40,15,198.18,103,-76.09,-86.38,1.92,1.21,12
70,40,15,196.21,102.81,-76.1,-86.38,1.91,1.2,12
70,40,15,197.09,103.57,-75.54,-86,1.9,1.21,12
70,40,15,196.09,103.1,-76.05,-86.22,1.9,1.2,12
70,40,15,193.6,102.38,-74.8,-85.81,1.89,1.21,11
70,40,20,191.8,105.38,-32.9,-86.6,1.82,1.2,17
70,40,20,190.82,105.44,-32.41,-86.28,1.81,1.22,16
70,40,20,192.94,107.69,-32.47,-86.99,1.79,1.2,17
70,40,20,191.68,105.09,-32.84,-86.46,1.82,1.2,17
70,40,20,191.69,105.81,-31.85,-86.09,1.81,1.22,16
70,40,25,186.75,112.91,26.62,-85.47,1.65,1.19,23
70,40,25,191.48,113.13,24.26,-85.62,1.69,1.19,24
70,40,25,191.92,113.53,25.04,-85.39,1.69,1.18,24
70,40,25,191.61,113.49,25.19,-85.4,1.69,1.22,24
70,40,25,187.84,113.35,27.08,-85.29,1.66,1.2,23
70,40,30,191.9,117.97,64.05,-82.62,1.63,1.21,27
70,40,30,191.45,117.49,64.28,-82.81,1.63,1.2,27
70,40,30,191.65,117.41,64.18,-82.66,1.63,1.23,26
70,40,30,191.82,117.93,64.09,-82.64,1.63,1.21,26
70,40,30,192.45,118.06,63.78,-82.6,1.63,1.21,26
70,40,35,195.93,127.41,129.04,-76.15,1.54,1.19,35
70,40,35,196.85,129.38,129.57,-75.79,1.52,1.19,36
70,40,35,195.66,127.6,129.17,-76.68,1.53,1.19,36
70,40,35,195.19,127.95,129.41,-76.56,1.53,1.19,36
70,40,35,196.39,127.67,129.81,-76.64,1.54,1.21,36
70,-5,0,238.02,89.88,40.01,-77.13,2.65,0.98,2
70,-5,0,239.93,90.6,38.04,-76.95,2.65,0.97,1
70,-5,0,240.71,90.54,38.67,-76.97,2.66,0.97,2
70,-5,0,241.16,90.73,38.58,-76.82,2.66,1,1
70,-5,0,240.31,90.16,37.92,-77.19,2.67,0.99,1
70,-5,5,248.44,99.82,101.11,-71.91,2.49,1.01,8
70,-5,5,245.96,98.53,100.2,-71.99,2.5,0.99,9
70,-5,5,248.53,99.32,101.48,-71.6,2.5,1,9
70,-5,5,248.35,99.35,101.16,-71.67,2.5,1.01,8
70,-5,5,248.76,99.5,101.36,-71.6,2.5,1,9
70,-5,-5,238.22,95.58,-7.89,-78.21,2.49,0.99,-7
70,-5,-5,241.27,95.38,-6.37,-78.31,2.53,1,-7
70,-5,-5,238.22,95.38,-7.89,-78.31,2.5,0.99,-7
70,-5,-5,241.27,95.58,-6.37,-78.21,2.52,1,-7
70,-5,-5,238,95.58,-8,-78.21,2.49,0.99,-7
70,-5,-10,240.69,103.81,-66.65,-77.09,2.32,0.98,-15
70,-5,-10,240.69,103.81,-66.65,-77.09,2.32,0.99,-15
70,-5,-10,239.48,104.28,-67.74,-76.86,2.3,0.97,-15
70,-5,-10,243.08,106.66,-65.46,-78.52,2.28,1.02,-18
70,-5,-10,240.61,104.28,-67.17,-76.86,2.31,0.98,-15
70,-5,-15,249.09,113.95,-105.47,-75.98,2.19,0.98,-21
70,-5,-15,248.87,112.8,-105.34,-74.68,2.21,0.98,-22
70,-5,-15,246.76,112.62,-106.38,-74.69,2.19,0.98,-22
70,-5,-15,249.67,114.44,-105.17,-76.22,2.18,1.01,-23
70,-5,-15,247,115.1,-106.5,-75.76,2.15,0.99,-23
70,-10,0,237.09,90.21,65.54,-74.31,2.63,0.97,1
70,-10,0,241.72,92.16,66.86,-74.87,2.62,0.99,-1
70,-10,0,239.64,90.65,66.82,-74.67,2.64,0.99,0
70,-10,0,244.95,92.01,66.08,-74.06,2.66,0.99,-1
70,-10,0,241.33,92.67,63.99,-74.37,2.6,0.98,-1
70,-10,-5,239.14,94.89,29.57,-76.56,2.52,0.99,-6
70,-10,-5,240.55,96.18,27.21,-75.91,2.5,0.95,-4
70,-10,-5,238.79,95.96,26.75,-76.02,2.49,0.98,-6
70,-10,-5,239.14,95.61,29.57,-76.2,2.5,0.98,-6
70,-10,-5,237.48,95.81,28.74,-76.1,2.48,0.98,-6
70,-10,-10,238.12,104.98,-30.94,-77.51,2.27,0.98,-15
70,-10,-10,233.19,105.76,-33.41,-77.9,2.2,0.96,-13
70,-10,-10,238.3,106.1,-30.85,-78.07,2.25,0.99,-17
70,-10,-10,233.05,105.76,-33.47,-77.9,2.2,0.98,-16
70,-10,-10,236.54,105.99,-31.73,-78.01,2.23,0.96,-14
70,-10,-15,239.53,109.3,-74.24,-74.35,2.19,0.95,-18
70,-10,-15,238.09,111.06,-73.95,-75.77,2.14,0.99,-21
70,-10,-15,238.54,111.17,-73.73,-75.71,2.15,1.02,-22
70,-10,-15,238.54,111.17,-73.73,-75.71,2.15,1.02,-22
70,-10,-15,239.54,111.56,-74.23,-75.52,2.15,1,-21
70,-20,-5,237.25,96.83,98.26,-79.59,2.45,0.97,-4
70,-20,-5,238.31,96.83,98.78,-79.59,2.46,0.97,-4
70,-20,-5,240.75,97.61,97.57,-79.19,2.47,0.95,-3
70,-20,-5,239.53,97.33,97.11,-79.34,2.46,0.95,-3
70,-20,-5,238.39,97.76,98.57,-79.12,2.44,0.97,-5
70,-20,-10,234.08,105.34,35.08,-83.33,2.22,0.93,-11
70,-20,-10,233.69,104.44,35.12,-82.78,2.24,0.93,-11
70,-20,-10,230.97,104.1,36.48,-82.95,2.22,0.94,-12
70,-20,-10,234.18,105.15,35.03,-83.42,2.23,0.94,-12
70,-20,-10,231.12,105.1,36.56,-83.45,2.2,0.94,-12
70,-20,-15,229,107.21,-2.5,-84.4,2.14,0.9,-15
70,-20,-15,229.23,108.59,-3.39,-84.7,2.11,0.92,-16
70,-20,-15,232.13,108.59,-1.93,-84.7,2.14,0.92,-16
70,-20,-15,231.15,108.59,-2.42,-84.7,2.13,0.91,-16
70,-20,-15,231.15,108.78,-2.42,-84.61,2.12,0.92,-17
70,-20,-20,235.3,119.02,-63.35,-84.27,1.98,0.92,-26
70,-20,-20,234.4,118.77,-63.8,-84.27,1.97,0.94,-25
70,-20,-20,231.43,118.55,-65.28,-84.17,1.95,0.93,-25
70,-20,-20,231.55,118.44,-65.22,-84.22,1.95,0.96,-26
70,-20,-20,231.44,118.55,-65.28,-84.16,1.95,0.94,-25
70,-20,-25,235.54,127.22,-110.23,-81.31,1.85,0.92,-31
70,-20,-25,234.2,126.18,-109.9,-81.56,1.86,0.94,-32
70,-20,-25,235.94,126.79,-110.03,-81.3,1.86,0.92,-31
70,-20,-25,238.85,127.04,-107.83,-81.54,1.88,0.95,-33
70,-20,-25,234.51,127.06,-109.75,-81.87,1.85,0.94,-32
70,-30,-10,224.76,104.28,95.38,-85.86,2.16,0.91,-9
70,-30,-10,228.88,105.07,94.38,-85.47,2.18,0.9,-9
70,-30,-10,228.99,105.07,94.43,-85.47,2.18,0.89,-8
70,-30,-10,228.81,106.74,94.63,-85.63,2.14,0.89,-10
70,-30,-10,230.24,106.34,94.99,-85.83,2.17,0.9,-10
70,-30,-15,224.94,106.92,60.67,-88.54,2.1,0.9,-14
70,-30,-15,221.09,107.3,61.55,-88.35,2.06,0.9,-15
70,-30,-15,223.9,107.49,60.14,-88.26,2.08,0.89,-14
70,-30,-15,221.09,107.37,61.55,-88.31,2.06,0.9,-15
70,-30,-15,222.14,107.3,62.07,-88.35,2.07,0.9,-15
70,-30,-20,217.29,114.64,-0.36,-90.68,1.9,0.88,-21
70,-30,-20,218.27,114.64,0.13,-90.68,1.9,0.87,-20
70,-30,-20,218.47,114.18,0.23,-90.91,1.91,0.87,-20
70,-30,-20,219.27,114.74,-0.37,-90.63,1.91,0.88,-21
70,-30,-20,218.29,114.1,-0.86,-90.95,1.91,0.88,-21
70,-30,-25,219.32,122.6,-46.34,-89.7,1.79,0.85,-26
70,-30,-25,220.32,121.86,-46.84,-90.07,1.81,0.86,-26
70,-30,-25,220.32,122.03,-46.84,-89.98,1.81,0.85,-25
70,-30,-25,220.32,122.8,-46.84,-89.6,1.79,0.85,-26
70,-30,-25,220.32,121.7,-46.84,-90.15,1.81,0.85,-25
70,-30,-30,223.19,132.37,-105.41,-88.22,1.69,0.9,-35
70,-30,-30,224.07,133.11,-107.87,-87.72,1.68,0.88,-34
70,-30,-30,220.17,131.81,-105.92,-88.37,1.67,0.9,-35
70,-30,-30,222.19,131.63,-104.91,-88.59,1.69,0.9,-35
70,-30,-30,220.17,131.84,-105.92,-88.35,1.67,0.9,-35
70,-40,-15,213.72,107.03,112.86,-92.48,2,0.85,-10
70,-40,-15,210.27,108.03,111.14,-92.98,1.95,0.87,-11
70,-40,-15,212.81,106.75,113.4,-92.63,1.99,0.85,-11
70,-40,-15,209.24,107.75,111.62,-93.13,1.94,0.87,-12
70,-40,-15,216.69,107.21,112.09,-92.62,2.02,0.86,-11
70,-40,-20,202.42,113.09,50.21,-97.46,1.79,0.84,-18
70,-40,-20,202.42,113.12,50.21,-97.44,1.79,0.84,-18
70,-40,-20,202.34,113.12,50.17,-97.44,1.79,0.84,-18
70,-40,-20,202.37,113.12,50.18,-97.44,1.79,0.83,-18
70,-40,-20,202.42,113.14,50.21,-97.43,1.79,0.84,-18
70,-40,-25,202.16,116.18,5.08,-98.91,1.74,0.83,-22
70,-40,-25,204.33,115.63,6.17,-99.57,1.77,0.85,-23
70,-40,-25,202.16,116.18,5.08,-98.91,1.74,0.83,-22
70,-40,-25,202.34,115.51,5.17,-99.24,1.75,0.84,-22
70,-40,-25,202.34,115.24,5.17,-99.38,1.76,0.85,-23
70,-40,-30,200.77,124.08,-54.61,-99.87,1.62,0.86,-30
70,-40,-30,200.79,124.05,-54.6,-99.86,1.62,0.86,-30
70,-40,-30,202.81,125.22,-53.6,-99.31,1.62,0.85,-30
70,-40,-30,200.79,124.22,-54.6,-99.77,1.62,0.86,-30
70,-40,-30,200.64,125.14,-54.68,-99.29,1.6,0.85,-30
70,-40,-35,203.08,131.05,-99.46,-97.8,1.55,0.86,-36
70,-40,-35,202.69,131.06,-99.65,-97.78,1.55,0.85,-36
70,-40,-35,203.08,131.32,-99.46,-97.66,1.55,0.86,-36
70,-40,-35,202.69,131.04,-99.65,-97.79,1.55,0.85,-36
70,-40,-35,202.69,130.92,-99.66,-97.7,1.55,0.85,-36
80,0,0,216.99,84.63,2.5,-99.69,2.56,1.04,-4
80,0,0,216.99,84.63,2.5,-99.69,2.56,1.04,-4
80,0,0,216.99,84.63,2.5,-99.69,2.56,1.04,-4
80,0,0,216.99,84.63,2.5,-99.69,2.56,1.04,-4
80,0,0,216.99,84.63,2.5,-99.69,2.56,1.04,-4
80,0,5,222.7,88.88,67,-95.44,2.51,1.05,4
80,0,5,220.5,89.12,65.84,-95.34,2.47,1.07,2
80,0,5,218,87.33,67,-95.34,2.5,1.08,1
80,0,5,218,89.7,67,-96.52,2.43,1.02,4
80,0,5,218,87.33,67,-95.34,2.5,1.08,1
80,0,10,224.08,95.83,104.96,-92.6,2.34,1.02,9
80,0,10,221,95.26,105.5,-92.77,2.32,1.02,9
80,0,10,225.84,96.84,105.85,-92.37,2.33,1.01,11
80,0,10,224.19,96.14,104.91,-92.75,2.33,1.04,9
80,0,10,224.13,95.8,104.99,-92.61,2.34,1.02,9
80,0,-5,218.11,91.13,-37.05,-100.44,2.39,1.04,-10
80,0,-5,218.11,91.13,-37.05,-100.44,2.39,1.04,-10
80,0,-5,216.9,89.17,-36.45,-99.41,2.43,1.01,-8
80,0,-5,221.11,91.39,-35.55,-100.57,2.42,1.05,-10
80,0,-5,218.11,89.13,-37.05,-99.44,2.45,1.01,-8
80,0,-10,223,97.77,-99.5,-97.11,2.28,1.01,-15
80,0,-10,223.83,98.02,-99.92,-96.99,2.28,0.98,-12
80,0,-10,222.91,98,-99.45,-97,2.27,1.01,-15
80,0,-10,222.91,98,-99.45,-97,2.27,1.01,-15
80,0,-10,222.91,98,-99.45,-97,2.27,1.01,-15
80,5,0,217,84.53,-29.5,-99.74,2.57,1.01,-1
80,5,0,216.91,85,-29.46,-99.5,2.55,1.04,-4
80,5,0,215.08,85.99,-28.54,-101,2.5,1.08,-6
80,5,0,215.22,83,-28.61,-99.5,2.59,1.04,-3
80,5,0,216.94,86.99,-29.47,-100.5,2.49,1.01,-3
80,5,-5,219.77,91,-77.89,-98.5,2.42,1.02,-9
80,5,-5,219.03,91,-77.51,-98.5,2.41,1.04,-10
80,5,-5,220.03,91,-77.01,-98.5,2.42,1.04,-10
80,5,-5,219.03,91,-77.51,-98.5,2.41,1.04,-10
80,5,-5,219.03,91,-77.51,-98.5,2.41,1.04,-10
80,5,-10,225.1,100.67,-129.55,-96.34,2.24,1.05,-18
80,5,-10,222.03,97.27,-128.01,-95.46,2.28,1.04,-16
80,5,-10,225.1,99.67,-129.55,-96.84,2.26,1.06,-18
80,5,-10,222,96.24,-128,-95.98,2.31,1.01,-13
80,5,-10,222.03,97.24,-128.02,-95.48,2.28,1,-13
80,5,5,215.81,87.65,24.09,-97.48,2.46,1.05,2
80,5,5,216.37,87.69,23.82,-97.5,2.47,1.05,2
80,5,5,215.81,87.84,24.09,-97.57,2.46,1.05,2
80,5,5,215.81,87.84,24.09,-97.57,2.46,1.05,2
80,5,5,215.81,87.65,24.09,-97.48,2.46,1.05,2
80,5,10,219.38,94.08,69.31,-94.6,2.33,1.02,9
80,5,10,217,94.14,70.5,-94.63,2.31,1.04,9
80,5,10,219.66,94.35,69.17,-94.74,2.33,1.02,9
80,5,10,217.12,93.9,70.44,-94.52,2.31,1.04,9
80,5,10,218.32,94.18,69.84,-94.73,2.32,1.05,8
80,10,0,216.11,84.38,-62.05,-97.81,2.56,1.06,-5
80,10,0,216.24,84.06,-62.12,-97.57,2.57,1.05,-4
80,10,0,216.11,84.41,-62.05,-97.79,2.56,1.06,-5
80,10,0,220.31,86.14,-60.8,-97.68,2.56,1.05,-3
80,10,0,215.98,84.43,-61.99,-97.79,2.56,1.06,-4
80,10,-5,222,92.35,-106,-97.17,2.4,1.05,-9
80,10,-5,225.59,92.54,-104.2,-97.27,2.44,1.05,-9
80,10,-5,221,90.01,-106.5,-96.01,2.46,1.02,-7
80,10,-5,221,90.01,-106.5,-96.01,2.46,1.02,-7
80,10,-5,222,90.34,-106,-96.17,2.46,1.02,-7
80,10,5,214.76,91.67,26.62,-95.79,2.34,1.06,7
80,10,5,214.67,91.67,26.66,-95.79,2.34,1.06,7
80,10,5,214.76,91.69,26.62,-95.78,2.34,1.06,7
80,10,5,214.19,91.61,26.91,-95.76,2.34,1.06,7
80,10,5,214.97,92.24,26.51,-96.07,2.33,1.05,8
80,10,10,216.72,100.66,87.64,-91.29,2.15,1.09,13
80,10,10,216.72,100.48,87.64,-91.13,2.16,1.09,13
80,10,10,217.72,99.99,88.14,-91.63,2.18,1.07,13
80,10,10,216.44,97.53,88.78,-90.23,2.22,1.09,12
80,10,10,218.99,99.86,87.51,-91.33,2.19,1.04,15
80,20,0,216.27,88.81,-111.94,-96.86,2.44,1.13,-8
80,20,0,214.12,85.85,-113.06,-97,2.49,1.08,-6
80,20,0,216.47,87.2,-111.88,-96.99,2.48,1.1,-7
80,20,0,217.54,87.2,-112.42,-96.99,2.49,1.06,-4
80,20,0,213.53,87.24,-110.39,-97,2.45,1.06,-4
80,20,5,207.18,88.52,-52.59,-97.46,2.34,1.06,4
80,20,5,207.18,88.1,-52.59,-97.67,2.35,1.06,4
80,20,5,207.18,88.51,-52.59,-97.45,2.34,1.05,4
80,20,5,207.18,88.47,-52.59,-97.48,2.34,1.06,4
80,20,5,207.18,88.09,-52.59,-97.66,2.35,1.05,4
80,20,10,206.92,93.32,-7.46,-96.91,2.22,1.09,8
80,20,10,208.61,93.03,-6.61,-97.05,2.24,1.08,9
80,20,10,208.61,93.03,-6.61,-97.05,2.24,1.08,9
80,20,10,208.04,91.65,-6.29,-96.17,2.27,1.11,7
80,20,10,208.65,93.22,-6.59,-96.96,2.24,1.08,9
80,20,15,206.92,99.66,52.54,-94.62,2.08,1.09,15
80,20,15,206.92,99.46,52.54,-94.73,2.08,1.08,16
80,20,15,206.92,99.7,52.54,-94.6,2.08,1.08,16
80,20,15,206.9,99.47,52.55,-94.74,2.08,1.09,16
80,20,15,204.25,99.24,53.87,-94.62,2.06,1.09,16
80,20,20,209.57,105.3,89.22,-91.3,1.99,1.14,18
80,20,20,210,105.3,89,-91.34,1.99,1.12,19
80,20,20,210,105.29,89,-91.35,1.99,1.12,19
80,20,20,209.57,105.32,89.22,-91.29,1.99,1.13,19
80,20,20,207.27,105.07,90.36,-91.19,1.97,1.12,18
80,30,5,200.19,88.46,-107.09,-96.55,2.26,1.13,2
80,30,5,202.57,87.97,-105.9,-96.91,2.3,1.16,1
80,30,5,202.96,88.43,-105.51,-96.56,2.3,1.14,1
80,30,5,199.31,85.95,-106.65,-96.03,2.32,1.14,1
80,30,5,200.18,88.42,-107.09,-96.58,2.26,1.13,2
80,30,10,197.07,91.9,-64.36,-98.89,2.14,1.13,6
80,30,10,198.24,91.12,-63.9,-98.72,2.18,1.13,6
80,30,10,197.2,91.92,-64.43,-98.89,2.15,1.13,6
80,30,10,197.34,91.93,-64.5,-98.9,2.15,1.13,6
80,30,10,197.33,91.95,-64.49,-98.91,2.15,1.15,6
80,30,15,191.86,97.05,-10.93,-98.59,1.98,1.12,13
80,30,15,192.86,96.49,-10.43,-98.87,2,1.12,13
80,30,15,190.92,96.67,-10.46,-98.72,1.97,1.14,14
80,30,15,190.92,96.67,-10.46,-98.72,1.97,1.14,14
80,30,15,192.86,96.17,-10.43,-99.03,2.01,1.12,13
80,30,20,191.64,100.63,34.18,-97.21,1.9,1.14,17
80,30,20,191.31,100.28,34.35,-97.13,1.91,1.12,17
80,30,20,189.37,100.62,35.32,-96.98,1.88,1.16,16
80,30,20,191.82,100.84,34.09,-97.11,1.9,1.12,17
80,30,20,189.81,100.42,35.1,-97.11,1.89,1.15,15
80,30,25,195.42,108.66,98.29,-92.45,1.8,1.12,24
80,30,25,195.97,108.52,98.02,-92.61,1.81,1.12,24
80,30,25,193.61,108.88,97.2,-92.41,1.78,1.13,24
80,30,25,195.66,108.52,98.17,-92.51,1.8,1.16,23
80,30,25,195.61,108.99,98.2,-92.35,1.79,1.15,23
80,40,10,188.23,89.07,-117.11,-99.98,2.11,1.16,4
80,40,10,188.85,88.74,-117.42,-99.82,2.13,1.15,4
80,40,10,189.77,88.84,-117.89,-99.79,2.14,1.16,4
80,40,10,189.23,89.2,-117.61,-100.02,2.12,1.16,4
80,40,10,190.23,89.59,-117.11,-99.82,2.12,1.16,4
80,40,15,182.2,94.66,-47.1,-102.75,1.92,1.15,12
80,40,15,182.06,94.12,-47.03,-103,1.93,1.15,12
80,40,15,182.83,94.65,-47.41,-102.82,1.93,1.15,12
80,40,15,182.83,94.76,-47.41,-102.91,1.93,1.15,12
80,40,15,184.26,95.58,-46.13,-103.12,1.93,1.15,12
80,40,20,182.3,97.88,-17.15,-103.03,1.86,1.17,15
80,40,20,180.7,96.91,-16.35,-102.55,1.86,1.14,15
80,40,20,182.3,97.85,-17.15,-103.05,1.86,1.17,15
80,40,20,180.7,97.2,-16.35,-102.4,1.86,1.17,14
80,40,20,182.31,98.16,-17.15,-102.88,1.86,1.17,14
80,40,25,184.28,104.39,45.66,-100.07,1.77,1.21,19
80,40,25,181.48,103.55,44.26,-100.7,1.75,1.17,20
80,40,25,181.61,103.06,44.2,-100.68,1.76,1.17,19
80,40,25,184.4,104.34,45.59,-100.04,1.77,1.19,19
80,40,25,181.54,103.28,44.23,-100.77,1.76,1.15,19
80,40,30,182.36,108.9,89.82,-97.02,1.67,1.15,24
80,40,30,180.96,108.43,89.52,-97.24,1.67,1.14,25
80,40,30,181.19,109.26,91.4,-96.69,1.66,1.16,24
80,40,30,183.24,109.35,90.38,-96.8,1.68,1.15,25
80,40,30,182.14,108.89,89.93,-97.01,1.67,1.15,24
80,-5,0,214.61,83.19,28.69,-98.4,2.58,0.98,0
80,-5,0,216.43,83.19,29.39,-98.4,2.6,0.99,-1
80,-5,0,217.8,84.07,28.71,-97.97,2.59,0.96,0
80,-5,0,217.8,84.07,28.71,-97.97,2.59,0.96,0
80,-5,0,216.43,83.19,29.39,-98.4,2.6,0.99,-1
80,-5,5,219.36,90.96,97.32,-93.89,2.41,0.99,8
80,-5,5,220.48,90.81,95.76,-94.35,2.43,0.98,8
80,-5,5,222.76,91.75,96.9,-93.88,2.43,1,7
80,-5,5,221.73,91.62,98.5,-93.81,2.42,1,8
80,-5,5,219.51,90.99,95.27,-94.26,2.41,0.98,8
80,-10,0,220.81,85.01,73.98,-97.71,2.6,0.95,3
80,-10,0,219.86,84.74,73.4,-97.56,2.59,0.96,2
80,-10,0,215.06,84.41,73.53,-97.54,2.55,0.98,1
80,-10,0,217.63,85.04,72.25,-97.71,2.56,0.96,2
80,-10,0,217.49,84.77,72.25,-97.84,2.57,0.95,2
80,-10,5,226.65,93.26,132.32,-92.63,2.43,0.98,9
80,-10,5,226.61,93.24,132.35,-92.62,2.43,0.98,9
80,-10,5,226.46,94.57,132.23,-92.28,2.39,0.97,10
80,-10,5,223.55,92.79,133.78,-92.39,2.41,1,8
80,-10,5,226.56,94.26,132.27,-92.13,2.4,0.99,9
80,-10,-5,217.45,87.63,27.12,-100.19,2.48,0.95,-3
80,-10,-5,214.84,87,28.42,-100.5,2.47,0.96,-3
80,-10,-5,213.04,86.8,28.52,-100.6,2.45,0.96,-3
80,-10,-5,213.84,86.62,28.92,-100.69,2.47,0.96,-3
80,-10,-5,217.57,88.12,27.06,-99.94,2.47,0.94,-3
80,-10,-10,213,92.86,-30.5,-101.57,2.29,0.98,-11
80,-10,-10,215.59,94.51,-31.57,-100.75,2.28,0.95,-11
80,-10,-10,213,93.16,-30.5,-101.42,2.29,0.96,-11
80,-10,-10,213,94.9,-30.5,-101.89,2.24,0.99,-13
80,-10,-10,215.51,94.33,-31.53,-100.84,2.28,0.95,-11
80,-10,-15,220.3,99.6,-70.56,-100.2,2.21,0.95,-15
80,-10,-15,219.99,99.54,-71.06,-100.23,2.21,0.95,-15
80,-10,-15,216.32,100.52,-73.04,-99.74,2.15,0.94,-15
80,-10,-15,213.09,99.4,-71.55,-100.3,2.14,0.95,-16
80,-10,-15,216.75,99.44,-68.66,-100.28,2.18,0.96,-17
80,-5,-5,216.07,90.29,-12.04,-99.86,2.39,0.98,-7
80,-5,-5,216.49,90.22,-12.25,-99.89,2.4,0.98,-7
80,-5,-5,216.49,90.22,-12.25,-99.89,2.4,0.98,-7
80,-5,-5,216.57,91.14,-12.28,-99.43,2.38,0.96,-7
80,-5,-5,216.49,90.22,-12.25,-99.89,2.4,0.98,-7
80,-5,-10,217.6,97.17,-66.8,-98.41,2.24,0.98,-14
80,-5,-10,217.6,97.17,-66.8,-98.41,2.24,0.98,-14
80,-5,-10,217.6,98.17,-66.8,-98.91,2.22,0.99,-15
80,-5,-10,221.67,97.51,-64.76,-98.58,2.27,1,-15
80,-5,-10,217.6,98.17,-66.8,-98.91,2.22,1,-16
80,-5,-15,223.95,106.73,-116.98,-97.28,2.1,1.01,-23
80,-5,-15,223.95,104.09,-116.98,-95.96,2.15,0.98,-20
80,-5,-15,222,103.29,-116,-96.35,2.15,0.98,-19
80,-5,-15,224.46,105.66,-116.63,-97.82,2.12,1.05,-23
80,-5,-15,223,104.59,-116.5,-95.73,2.13,0.99,-21
80,-20,0,220.84,88.18,116.25,-97.6,2.5,0.94,0
80,-20,0,222.45,87.83,116.59,-98,2.53,0.97,0
80,-20,0,222.12,87.8,116.76,-97.9,2.53,0.95,0
80,-20,0,222.01,87.7,116.7,-97.95,2.53,0.95,1
80,-20,0,218.81,86.66,118.41,-97.67,2.52,0.98,0
80,-20,-5,212.41,88.11,78.21,-100.94,2.41,0.94,-3
80,-20,-5,215.06,89.86,79.53,-101.37,2.39,0.96,-5
80,-20,-5,217.14,89.64,78.54,-101.48,2.42,0.98,-5
80,-20,-5,212.79,89.49,78.39,-101.25,2.38,0.96,-5
80,-20,-5,211.4,88.56,77.7,-100.72,2.39,0.93,-3
80,-20,-10,209.89,93.88,27.95,-104.06,2.24,0.96,-10
80,-20,-10,209.89,94.27,27.95,-103.87,2.23,0.95,-10
80,-20,-10,208.89,93.85,28.45,-104.08,2.23,0.96,-10
80,-20,-10,209.89,94.31,27.95,-103.85,2.23,0.94,-9
80,-20,-10,209.89,94.27,27.95,-103.87,2.23,0.95,-10
80,-20,-15,211.94,99.49,-15.03,-105.74,2.13,0.94,-15
80,-20,-15,212.84,99.17,-16.56,-104.42,2.15,0.92,-14
80,-20,-15,209.36,97.01,-16.32,-104.5,2.16,0.92,-13
80,-20,-15,209.11,97.64,-15.45,-105.18,2.14,0.95,-14
80,-20,-15,209.9,97.97,-16.05,-105.01,2.14,0.95,-14
80,-20,-20,210.62,108.18,-77.69,-104.29,1.95,0.98,-23
80,-20,-20,210.62,108.31,-77.69,-104.22,1.94,0.98,-23
80,-20,-20,216.73,109.04,-74.63,-104.83,1.99,0.98,-24
80,-20,-20,210.62,108.7,-77.69,-104.66,1.94,0.99,-24
80,-20,-20,210.58,108.46,-77.71,-104.21,1.94,0.94,-22
80,-30,-10,204.96,93.73,88.48,-108.14,2.19,0.91,-7
80,-30,-10,205.33,92.97,88.29,-108.52,2.21,0.92,-7
80,-30,-10,203.79,93.17,87.9,-108.41,2.19,0.9,-7
80,-30,-10,203.79,93.17,87.9,-108.41,2.19,0.9,-7
80,-30,-10,202.81,93.17,87.4,-108.41,2.18,0.9,-7
80,-30,-15,203.77,97.1,51.01,-110.45,2.1,0.89,-10
80,-30,-15,200.89,96.05,52.45,-110.98,2.09,0.91,-11
80,-30,-15,199.92,96.05,51.96,-110.98,2.08,0.89,-11
80,-30,-15,200.89,96.16,52.45,-110.92,2.09,0.91,-11
80,-30,-15,199.92,96.16,51.96,-110.92,2.08,0.92,-12
80,-30,-15,199.92,96.16,51.96,-110.92,2.08,0.89,-11
80,-30,-20,198.19,101.81,-7.9,-113.09,1.95,0.92,-18
80,-30,-20,198.19,101.78,-7.9,-113.11,1.95,0.9,-17
80,-30,-20,198.19,101.78,-7.9,-113.11,1.95,0.9,-17
80,-30,-20,198.19,102.11,-7.9,-112.95,1.94,0.89,-17
80,-30,-25,196.64,107.87,-49.68,-113.04,1.82,0.93,-23
80,-30,-25,197.63,108.27,-50.18,-112.86,1.83,0.91,-22
80,-30,-25,196.64,107.87,-49.68,-113.04,1.82,0.93,-23
80,-30,-25,197.64,108.25,-50.18,-112.85,1.83,0.91,-22
80,-30,-25,197.64,108.25,-50.18,-112.85,1.83,0.91,-22
80,-30,-30,201.76,116.06,-116.12,-110.46,1.74,0.91,-29
80,-30,-30,201.88,116.08,-116.06,-110.45,1.74,0.94,-31
80,-30,-30,207.2,116.8,-113.4,-110.8,1.77,0.92,-30
80,-30,-30,201.71,116.12,-116.15,-110.43,1.74,0.91,-29
80,-30,-30,201.88,115.92,-116.06,-110.53,1.74,0.93,-30
80,-40,-10,197.67,94.69,134.83,-111.66,2.09,0.88,-6
80,-40,-10,195.15,95.79,133.57,-112.1,2.04,0.9,-7
80,-40,-10,198.66,94.79,135.33,-111.6,2.1,0.89,-7
80,-40,-10,195.15,95.66,133.57,-112.17,2.04,0.9,-7
80,-40,-10,195.15,95.69,133.57,-112.16,2.04,0.9,-7
80,-40,-15,189.31,96.36,96.65,-115.82,1.96,0.9,-11
80,-40,-15,193.09,94.85,98.54,-115.58,2.04,0.87,-9
80,-40,-15,191.78,95.33,97.89,-115.34,2.01,0.87,-9
80,-40,-15,191.78,95.33,97.89,-115.34,2.01,0.87,-9
80,-40,-15,191.78,95.36,97.89,-115.32,2.01,0.87,-9
80,-40,-20,186.98,100.2,32.49,-119.9,1.87,0.86,-15
80,-40,-20,186.98,100.2,32.49,-119.9,1.87,0.86,-15
80,-40,-20,186.98,100.2,32.49,-119.9,1.87,0.86,-15
80,-40,-20,189.4,101.18,31.28,-119.41,1.87,0.85,-15
80,-40,-20,186.98,100.2,32.49,-119.9,1.87,0.87,-15
80,-40,-25,186.26,104.62,-5.87,-120.69,1.78,0.86,-19
80,-40,-25,187.28,104.43,-5.36,-120.78,1.79,0.87,-20
80,-40,-25,186.26,104.96,-5.87,-120.52,1.77,0.86,-19
80,-40,-25,186.26,104.02,-5.87,-120.99,1.79,0.86,-19
80,-40,-25,186.26,103.98,-5.87,-121.01,1.79,0.87,-19
80,-40,-30,188.5,111.67,-67.75,-120.58,1.69,0.87,-26
80,-40,-30,187.41,111.89,-70.98,-120.15,1.67,0.87,-25
80,-40,-30,184.94,110.34,-69.78,-120.93,1.68,0.89,-26
80,-40,-30,184.69,111.6,-69.66,-120.48,1.65,0.88,-26
80,-40,-30,186.72,111.82,-70.67,-120.37,1.67,0.87,-25
80,-40,-35,187.79,117.68,-115.1,-118.35,1.6,0.88,-30
80,-40,-35,187.77,117.77,-115.12,-118.42,1.59,0.88,-30
80,-40,-35,187.79,117.67,-115.1,-118.36,1.6,0.88,-30
80,-40,-35,187.78,117.72,-115.11,-118.4,1.6,0.88,-30
80,-40,-35,189.77,118.12,-116.09,-118.13,1.61,0.88,-30
35,0,0,387.46,126.14,-1.65,61.39,3.07,1.04,-1
35,0,0,379.59,123.49,-1.47,62.15,3.07,1.03,1
35,0,0,381.8,125.47,-2.27,61.18,3.04,1.04,-1
35,0,0,381.86,125,-3.06,61.3,3.05,1.04,-2
35,0,0,388.16,125.72,-1.83,61.15,3.09,1.04,-1
35,5,0,373.39,125.09,-42.69,57.94,2.98,1.05,-3
35,5,0,372.39,125.44,-43.19,58.2,2.97,1.05,-3
35,5,0,377.29,125.51,-41.82,59.76,3.01,1.08,-4
35,5,0,380.74,126.08,-39.12,60.04,3.02,1.08,-2
35,5,0,381.42,125.36,-39.63,59.68,3.04,1.08,-2
35,5,0,372.95,143.21,13.52,60.93,2.6,1.08,20
35,5,0,378.76,144.81,17.31,61.58,2.62,1.1,20
35,5,0,378.29,146.25,17.72,61.98,2.59,1.11,21
35,5,0,373.4,144.86,15.3,61.3,2.58,1.08,20
35,5,0,371.63,141.62,14.19,61.81,2.62,1.1,18
35,10,5,356.71,146.28,-50.35,60.24,2.44,1.16,16
35,10,5,358.7,147.28,-51.35,60.6,2.44,1.12,19
35,10,5,360.19,147.03,-51.1,61.26,2.45,1.13,16
35,10,5,360.68,147.72,-51.34,60.86,2.44,1.14,17
35,10,5,358.92,147.82,-50.46,61.13,2.43,1.18,17
35,10,10,356.42,172.6,18.79,62.13,2.07,1.16,42
35,10,10,357.09,172.85,18.45,62.01,2.07,1.16,42
35,10,10,356.87,172.84,18.57,61.99,2.06,1.16,42
35,10,10,355.07,172.73,19.47,62.08,2.06,1.16,42
35,10,10,356.61,172.84,18.69,62.03,2.06,1.16,42
35,-5,0,372.65,123.9,50.04,58.54,3.01,1.01,3
35,-5,0,65.37,115,198.29,58.5,0.57,1.66,41
35,-5,0,375.99,124.37,47.54,58.31,3.02,0.97,5
35,-5,0,373.81,123.63,50.43,58.41,3.02,1,3
35,-5,0,375.68,123.8,49.4,58.36,3.03,1,3
35,-5,-5,373.98,132.03,10.36,56.72,2.83,1.02,-13
35,-5,-5,375.12,133.63,9.44,57.43,2.81,1.01,-13
35,-5,-5,372.95,131.25,11.22,56.32,2.84,1.02,-11
35,-5,-5,376.83,131.98,9.83,56.66,2.86,1.03,-13
35,-5,-5,374.76,132.52,10.31,56.96,2.83,1.02,-13
35,-10,-5,370.11,136.62,59.05,55.28,2.71,0.97,-12
35,-10,-5,369.97,137.3,55.74,55.88,2.69,0.94,-10
35,-10,-5,369.62,136.87,55.91,55.67,2.7,0.94,-10
35,-10,-5,359.6,136.06,51.2,56.03,2.64,0.94,-11
35,-10,-10,366.22,154.98,3.11,52.42,2.36,0.97,-32
35,-10,-10,368.03,153.41,1.22,53.7,2.4,0.92,-27
35,-10,-10,364.74,153.6,2.37,52.8,2.37,0.94,-28
35,-10,-10,365.57,154.03,1.78,53.02,2.37,0.94,-28
35,-10,-10,365.55,151.65,2.78,52.83,2.41,0.95,-28
35,-10,-10,365.56,153.6,2.78,52.8,2.38,0.94,-28
